{
  "header": ["Simulación de kernel de Faraggi, h optimo, gaussiano tabla 6"],
  "AUC:0.7": {
    "size:20": {
      "bias": [0.143149301790319],
      "rmse": [0.145166650003087]
    },
    "size:50": {
      "bias": [0.145350870526961],
      "rmse": [0.145361957825768]
    },
    "size:100": {
      "bias": [0.145622110376052],
      "rmse": [0.145626208983369]
    }
  },
  "AUC:0.8": {
    "size:20": {
      "bias": [0.15519782159558],
      "rmse": [0.155301364730988]
    },
    "size:50": {
      "bias": [0.155592452590053],
      "rmse": [0.155601068668981]
    },
    "size:100": {
      "bias": [0.15574459645547],
      "rmse": [0.155747625669859]
    }
  },
  "AUC:0.9": {
    "size:20": {
      "bias": [0.140247135271454],
      "rmse": [0.14025490316203]
    },
    "size:50": {
      "bias": [0.140229916956484],
      "rmse": [0.140232934206815]
    },
    "size:100": {
      "bias": [0.140229453126034],
      "rmse": [0.140230908734764]
    }
  }
}
