{
  "header": ["Simulación de kernel de Faraggi, h optimo, gaussiano tabla 7"],
  "AUC:0.7": {
    "size:20": {
      "bias": [0.157060366141057],
      "rmse": [0.159284136984029]
    },
    "size:50": {
      "bias": [0.149080658066022],
      "rmse": [0.152034442238659]
    },
    "size:100": {
      "bias": [0.143625061349179],
      "rmse": [0.146046707617918]
    }
  },
  "AUC:0.8": {
    "size:20": {
      "bias": [0.24213976887145],
      "rmse": [0.243060335697244]
    },
    "size:50": {
      "bias": [0.234995160437297],
      "rmse": [0.23594319545922]
    },
    "size:100": {
      "bias": [0.226882103496224],
      "rmse": [0.227979941195773]
    }
  },
  "AUC:0.9": {
    "size:20": {
      "bias": [0.397204601609521],
      "rmse": [0.397242900137323]
    },
    "size:50": {
      "bias": [0.395063095235348],
      "rmse": [0.395132268659914]
    },
    "size:100": {
      "bias": [0.393626734803884],
      "rmse": [0.393685368996522]
    }
  }
}
