{
  "header": ["Simulación de kernel de Faraggi, h paquete, gaussiano tabla 6"],
  "AUC:0.6": {
    "size:20": {
      "bias": [-0.125464395061892],
      "rmse": [0.140950666106945]
    },
    "size:50": {
      "bias": [-0.118207438942344],
      "rmse": [0.121971181193125]
    },
    "size:100": {
      "bias": [-0.115354320716016],
      "rmse": [0.116933993229103]
    }
  },
  "AUC:0.75": {
    "size:20": {
      "bias": [-0.109651776355588],
      "rmse": [0.117588247093349]
    },
    "size:50": {
      "bias": [-0.107900658389089],
      "rmse": [0.109926757788334]
    },
    "size:100": {
      "bias": [-0.107205704063528],
      "rmse": [0.108140973015737]
    }
  },
  "AUC:0.9": {
    "size:20": {
      "bias": [-0.0891033479590105],
      "rmse": [0.091206540098062]
    },
    "size:50": {
      "bias": [-0.0926285316390435],
      "rmse": [0.0937315744425648]
    },
    "size:100": {
      "bias": [-0.0940592790776149],
      "rmse": [0.0947161218337475]
    }
  }
}
