{
  "header": ["Simulación de kernel de Faraggi, h paquete, gaussiano tabla 3"],
  "AUC:0.6": {
    "size:20": {
      "bias": [-0.126435782574205],
      "rmse": [0.231538053180058]
    },
    "size:50": {
      "bias": [-0.110764725847295],
      "rmse": [0.162972224918979]
    },
    "size:100": {
      "bias": [-0.124932166018741],
      "rmse": [0.156604663681301]
    }
  },
  "AUC:0.75": {
    "size:20": {
      "bias": [-0.085880402394555],
      "rmse": [0.122392470691727]
    },
    "size:50": {
      "bias": [-0.0827635372802353],
      "rmse": [0.0954824175758953]
    },
    "size:100": {
      "bias": [-0.0895273879009875],
      "rmse": [0.0964925662441374]
    }
  },
  "AUC:0.9": {
    "size:20": {
      "bias": [-0.0711283254084792],
      "rmse": [0.0735153602808925]
    },
    "size:50": {
      "bias": [-0.0748090650286624],
      "rmse": [0.0762455991384054]
    },
    "size:100": {
      "bias": [-0.0775550672206484],
      "rmse": [0.0786052301212264]
    }
  }
}
