{
  "header": ["Simulación de kernel de Faraggi, h paquete, gaussiano tabla 8"],
  "AUC:0.6": {
    "size:20": {
      "bias": [-0.258476308983841],
      "rmse": [0.323122798035738]
    },
    "size:50": {
      "bias": [-0.18881296444889],
      "rmse": [0.216359223804065]
    },
    "size:100": {
      "bias": [-0.168361070417207],
      "rmse": [0.179203651307624]
    }
  },
  "AUC:0.75": {
    "size:20": {
      "bias": [-0.144898741849252],
      "rmse": [0.175536427823449]
    },
    "size:50": {
      "bias": [-0.114998985729273],
      "rmse": [0.120139637515156]
    },
    "size:100": {
      "bias": [-0.110185983272037],
      "rmse": [0.112229756541274]
    }
  },
  "AUC:0.9": {
    "size:20": {
      "bias": [-0.100302489824451],
      "rmse": [0.108445703169577]
    },
    "size:50": {
      "bias": [-0.0930672823943095],
      "rmse": [0.094564497252994]
    },
    "size:100": {
      "bias": [-0.0933798682338911],
      "rmse": [0.0940974590002899]
    }
  }
}
