{
  "header": ["Simulación de kernel de Faraggi, h optimo, gaussiano tabla 5 rate = 0.12"],
  "AUC:0.9": {
    "size:20": {
      "bias": [0.102542889000487],
      "rmse": [0.102543703112735]
    },
    "size:50": {
      "bias": [0.102568924383874],
      "rmse": [0.102569254670977]
    },
    "size:100": {
      "bias": [0.102553403358657],
      "rmse": [0.102553710131472]
    }
  }
}
