{
  "header": ["Simulación de kernel de Faraggi, h optimo, gaussiano tabla 8"],
  "AUC:0.7": {
    "size:20": {
      "bias": [0.12620953611828],
      "rmse": [0.139269907273586]
    },
    "size:50": {
      "bias": [0.141495506920437],
      "rmse": [0.141516537269859]
    },
    "size:100": {
      "bias": [0.141819517981109],
      "rmse": [0.141822066444092]
    }
  },
  "AUC:0.8": {
    "size:20": {
      "bias": [0.125976670246706],
      "rmse": [0.127204388568874]
    },
    "size:50": {
      "bias": [0.128746798661268],
      "rmse": [0.128749287930067]
    },
    "size:100": {
      "bias": [0.128804705379039],
      "rmse": [0.12880551241493]
    }
  },
  "AUC:0.9": {
    "size:20": {
      "bias": [0.138790211646906],
      "rmse": [0.138876955430252]
    },
    "size:50": {
      "bias": [0.139285370214793],
      "rmse": [0.139286654084225]
    },
    "size:100": {
      "bias": [0.139262161286607],
      "rmse": [0.139262711012664]
    }
  }
}
