{
  "header": ["Simulación de kernel de Faraggi, h optimo, gaussiano tabla 1"],
  "AUC:0.7": {
    "size:20": {
      "bias": [0.237931427303507],
      "rmse": [0.349598993184793]
    },
    "size:50": {
      "bias": [0.296257869065251],
      "rmse": [0.361115525020873]
    },
    "size:100": {
      "bias": [0.327914535847213],
      "rmse": [0.371224021123062]
    }
  },
  "AUC:0.8": {
    "size:20": {
      "bias": [0.102743175804267],
      "rmse": [0.195329583147047]
    },
    "size:50": {
      "bias": [0.170281001428059],
      "rmse": [0.201881051692749]
    },
    "size:100": {
      "bias": [0.197412858965714],
      "rmse": [0.211423461077343]
    }
  },
  "AUC:0.9": {
    "size:20": {
      "bias": [0.0304541445706741],
      "rmse": [0.0723785208065294]
    },
    "size:50": {
      "bias": [0.0531651189768921],
      "rmse": [0.0605620599093437]
    },
    "size:100": {
      "bias": [0.0601660606544553],
      "rmse": [0.0618160275815644]
    }
  }
}
