{
  "header": ["Simulación de kernel de Faraggi, h paquete, gaussiano tabla 2"],
  "AUC:0.6": {
    "size:20": {
      "bias": [-0.192736391416785],
      "rmse": [0.288241433536755]
    },
    "size:50": {
      "bias": [-0.14370267633752],
      "rmse": [0.200375663683703]
    },
    "size:100": {
      "bias": [-0.141356879590449],
      "rmse": [0.175943662505329]
    }
  },
  "AUC:0.75": {
    "size:20": {
      "bias": [-0.123596864219684],
      "rmse": [0.175775608122666]
    },
    "size:50": {
      "bias": [-0.0972114641598039],
      "rmse": [0.116835792989098]
    },
    "size:100": {
      "bias": [-0.0960719626634027],
      "rmse": [0.105871530658915]
    }
  },
  "AUC:0.9": {
    "size:20": {
      "bias": [-0.0752833508666905],
      "rmse": [0.0839888948387775]
    },
    "size:50": {
      "bias": [-0.0727614024375879],
      "rmse": [0.0758209713860779]
    },
    "size:100": {
      "bias": [-0.0718734969201399],
      "rmse": [0.0735779814297029]
    }
  }
}
