{
  "header": ["Simulación de kernel de Faraggi, h paquete, gaussiano tabla 9"],
  "AUC:0.6": {
    "size:20": {
      "bias": [-0.28216183560646],
      "rmse": [0.355993657060734]
    },
    "size:50": {
      "bias": [-0.219699589743094],
      "rmse": [0.263720118636753]
    },
    "size:100": {
      "bias": [-0.199388597751427],
      "rmse": [0.222419428371069]
    }
  },
  "AUC:0.75": {
    "size:20": {
      "bias": [-0.167738880983905],
      "rmse": [0.214222615180085]
    },
    "size:50": {
      "bias": [-0.127734569880257],
      "rmse": [0.140118515122083]
    },
    "size:100": {
      "bias": [-0.11969937641335],
      "rmse": [0.12508719466457]
    }
  },
  "AUC:0.9": {
    "size:20": {
      "bias": [-0.107262614332594],
      "rmse": [0.1204717016962]
    },
    "size:50": {
      "bias": [-0.0948739044871035],
      "rmse": [0.0972835942142794]
    },
    "size:100": {
      "bias": [-0.0940269915216921],
      "rmse": [0.0951609934846026]
    }
  }
}
