{
  "header": ["Simulación de kernel de Faraggi, h paquete, gaussiano tabla 1"],
  "AUC:0.6": {
    "size:20": {
      "bias": [0.14937176726355],
      "rmse": [0.240418244719547]
    },
    "size:50": {
      "bias": [0.0901697609692334],
      "rmse": [0.162751063910283]
    },
    "size:100": {
      "bias": [0.0512781118585875],
      "rmse": [0.1080238618307]
    }
  },
  "AUC:0.75": {
    "size:20": {
      "bias": [-0.00255300782789991],
      "rmse": [0.183448957947543]
    },
    "size:50": {
      "bias": [0.00249808843473898],
      "rmse": [0.139236420663154]
    },
    "size:100": {
      "bias": [-0.00718420155315436],
      "rmse": [0.104874816722146]
    }
  },
  "AUC:0.9": {
    "size:20": {
      "bias": [-0.0496496831865531],
      "rmse": [0.117448435006409]
    },
    "size:50": {
      "bias": [-0.0408554170714919],
      "rmse": [0.083964376672769]
    },
    "size:100": {
      "bias": [-0.0342840648569112],
      "rmse": [0.0646064386866958]
    }
  }
}
