{
  "header": ["Simulación de kernel de Faraggi, h paquete, gaussiano tabla 5 rate = 0.12"],
  "AUC:0.9": {
    "size:20": {
      "bias": [-0.078627958657843],
      "rmse": [0.0802675821596165]
    },
    "size:50": {
      "bias": [-0.0862441079333169],
      "rmse": [0.0873394485606882]
    },
    "size:100": {
      "bias": [-0.0926274584731033],
      "rmse": [0.0936857217997585]
    }
  }
}
