{
  "header": ["Simulación de kernel de Faraggi, h paquete, gaussiano tabla 4"],
  "AUC:0.6": {
    "size:20": {
      "bias": [0.391702919236218],
      "rmse": [0.432600396497194]
    },
    "size:50": {
      "bias": [0.398226496102931],
      "rmse": [0.413954725221189]
    },
    "size:100": {
      "bias": [0.379516555325408],
      "rmse": [0.390259218537228]
    }
  },
  "AUC:0.75": {
    "size:20": {
      "bias": [0.362506582445375],
      "rmse": [0.370954454698991]
    },
    "size:50": {
      "bias": [0.360325919019682],
      "rmse": [0.36323241535068]
    },
    "size:100": {
      "bias": [0.351164869050836],
      "rmse": [0.352926442757852]
    }
  },
  "AUC:0.9": {
    "size:20": {
      "bias": [0.189854504032663],
      "rmse": [0.190639735410812]
    },
    "size:50": {
      "bias": [0.185023455097001],
      "rmse": [0.18557946611224]
    },
    "size:100": {
      "bias": [0.181252480609317],
      "rmse": [0.181721792305361]
    }
  }
}
