{
  "header": ["Simulación de kernel de Faraggi, h paquete, gaussiano tabla 5 rate = 0.22"],
  "AUC:0.9": {
    "size:20": {
      "bias": [-0.0786167256147852],
      "rmse": [0.0802562070113853]
    },
    "size:50": {
      "bias": [-0.0862459969700793],
      "rmse": [0.0873412901029213]
    },
    "size:100": {
      "bias": [-0.0926296466682396],
      "rmse": [0.0936879520918288]
    }
  }
}
