{
  "header": ["Simulación de kernel de Faraggi, h paquete, gaussiano tabla 7"],
  "AUC:0.6": {
    "size:20": {
      "bias": [-0.134762325951156],
      "rmse": [0.143673925873386]
    },
    "size:50": {
      "bias": [-0.140396103082886],
      "rmse": [0.145577179873464]
    },
    "size:100": {
      "bias": [-0.144025347386243],
      "rmse": [0.147524877498407]
    }
  },
  "AUC:0.75": {
    "size:20": {
      "bias": [-0.126182840540392],
      "rmse": [0.134732555125235]
    },
    "size:50": {
      "bias": [-0.152078570226102],
      "rmse": [0.159184549177537]
    },
    "size:100": {
      "bias": [-0.170914281715813],
      "rmse": [0.176002968358739]
    }
  },
  "AUC:0.9": {
    "size:20": {
      "bias": [-0.0834549484420612],
      "rmse": [0.086190873681003]
    },
    "size:50": {
      "bias": [-0.0974657204594435],
      "rmse": [0.100665739720268]
    },
    "size:100": {
      "bias": [-0.10715418925722],
      "rmse": [0.110124968026031]
    }
  }
}
