{
  "header": ["Simulacion para nueva población 10"],
  "AUC:0.6": {
    "size:20": {
      "eta_pob": [0.777655053781466],
      "no_param": {
        "bias": [-0.700358345410561],
        "rmse": [0.700358345410561]
      },
      "param": {
        "bias": [-0.217643466932699],
        "rmse": [0.217643466932699]
      },
      "kernel_opt": {
        "bias": [-0.0840098112411031],
        "rmse": [0.0840098112411031]
      },
      "kernel_hscv": {
        "bias": [-0.0662033349636426],
        "rmse": [0.0662033349636426]
      }
    },
    "size:50": {
      "eta_pob": [0.777655053781466],
      "no_param": {
        "bias": [-0.708443659936278],
        "rmse": [0.708443659936278]
      },
      "param": {
        "bias": [-0.141452987669035],
        "rmse": [0.141452987669035]
      },
      "kernel_opt": {
        "bias": [-0.0449192686170484],
        "rmse": [0.0449192686170484]
      },
      "kernel_hscv": {
        "bias": [-0.146057050598092],
        "rmse": [0.146057050598092]
      }
    },
    "size:100": {
      "eta_pob": [0.777655053781466],
      "no_param": {
        "bias": [-0.743947445603386],
        "rmse": [0.743947445603386]
      },
      "param": {
        "bias": [-0.197969625952227],
        "rmse": [0.197969625952227]
      },
      "kernel_opt": {
        "bias": [-0.181586882121985],
        "rmse": [0.181586882121985]
      },
      "kernel_hscv": {
        "bias": [-0.264161452209598],
        "rmse": [0.264161452209598]
      }
    }
  },
  "AUC:0.75": {
    "size:20": {
      "eta_pob": [0.829168747772827],
      "no_param": {
        "bias": [-0.722107848607864],
        "rmse": [0.722107848607864]
      },
      "param": {
        "bias": [-0.0720898222520017],
        "rmse": [0.0720898222520017]
      },
      "kernel_opt": {
        "bias": [-0.0556399089691011],
        "rmse": [0.0556399089691011]
      },
      "kernel_hscv": {
        "bias": [-0.131500666611824],
        "rmse": [0.131500666611824]
      }
    },
    "size:50": {
      "eta_pob": [0.829168747772827],
      "no_param": {
        "bias": [-0.762542047743175],
        "rmse": [0.762542047743175]
      },
      "param": {
        "bias": [-0.251207293846399],
        "rmse": [0.251207293846399]
      },
      "kernel_opt": {
        "bias": [-0.103703660311228],
        "rmse": [0.103703660311228]
      },
      "kernel_hscv": {
        "bias": [-0.117081471202283],
        "rmse": [0.117081471202283]
      }
    },
    "size:100": {
      "eta_pob": [0.829168747772827],
      "no_param": {
        "bias": [-0.803126734585123],
        "rmse": [0.803126734585123]
      },
      "param": {
        "bias": [-0.249571500461772],
        "rmse": [0.249571500461772]
      },
      "kernel_opt": {
        "bias": [-0.208790895156011],
        "rmse": [0.208790895156011]
      },
      "kernel_hscv": {
        "bias": [-0.175926565489672],
        "rmse": [0.175926565489672]
      }
    }
  },
  "AUC:0.9": {
    "size:20": {
      "eta_pob": [0.869695467393882],
      "no_param": {
        "bias": [-0.729324538983582],
        "rmse": [0.729324538983582]
      },
      "param": {
        "bias": [-0.247834113057908],
        "rmse": [0.247834113057908]
      },
      "kernel_opt": {
        "bias": [-0.104134773766468],
        "rmse": [0.104134773766468]
      },
      "kernel_hscv": {
        "bias": [-0.125533301715899],
        "rmse": [0.125533301715899]
      }
    },
    "size:50": {
      "eta_pob": [0.869695467393882],
      "no_param": {
        "bias": [-0.61970363662654],
        "rmse": [0.61970363662654]
      },
      "param": {
        "bias": [-0.00382040220120305],
        "rmse": [0.00382040220120305]
      },
      "kernel_opt": {
        "bias": [-0.109892914124321],
        "rmse": [0.109892914124321]
      },
      "kernel_hscv": {
        "bias": [-0.160662387805465],
        "rmse": [0.160662387805465]
      }
    },
    "size:100": {
      "eta_pob": [0.869695467393882],
      "no_param": {
        "bias": [-0.701161392280923],
        "rmse": [0.701161392280923]
      },
      "param": {
        "bias": [-0.0418786065435145],
        "rmse": [0.0418786065435145]
      },
      "kernel_opt": {
        "bias": [-0.0896367392208094],
        "rmse": [0.0896367392208094]
      },
      "kernel_hscv": {
        "bias": [-0.110484189505042],
        "rmse": [0.110484189505042]
      }
    }
  }
}
