{
  "header": ["Simulacion para nueva población 1"],
  "AUC:0.6": {
    "size:20": {
      "eta_pob": [0.113733200601803],
      "no_param": {
        "bias": [-0.029350536131713],
        "rmse": [0.0429793787834745]
      },
      "param": {
        "bias": [0.140828431480006],
        "rmse": [0.242571652498778]
      },
      "kernel_opt": {
        "bias": [0.132350333426626],
        "rmse": [0.225700030904126]
      },
      "kernel_hscv": {
        "bias": [0.149372245552779],
        "rmse": [0.24041910588554]
      }
    },
    "size:50": {
      "eta_pob": [0.113733200601803],
      "no_param": {
        "bias": [-0.0740037434246877],
        "rmse": [0.0747928207552478]
      },
      "param": {
        "bias": [0.0621169812452142],
        "rmse": [0.140612611055038]
      },
      "kernel_opt": {
        "bias": [0.0828053834167233],
        "rmse": [0.157667711971649]
      },
      "kernel_hscv": {
        "bias": [0.0901733595136166],
        "rmse": [0.162754483230664]
      }
    },
    "size:100": {
      "eta_pob": [0.113733200601803],
      "no_param": {
        "bias": [-0.0925087742737725],
        "rmse": [0.0926228023804319]
      },
      "param": {
        "bias": [0.0383561229947369],
        "rmse": [0.105242422425688]
      },
      "kernel_opt": {
        "bias": [0.048651340683773],
        "rmse": [0.108494718890796]
      },
      "kernel_hscv": {
        "bias": [0.0512747839778567],
        "rmse": [0.108018899483838]
      }
    }
  },
  "AUC:0.75": {
    "size:20": {
      "eta_pob": [0.475577645650181],
      "no_param": {
        "bias": [-0.358489682097142],
        "rmse": [0.361249970846893]
      },
      "param": {
        "bias": [0.0300455816962297],
        "rmse": [0.187259938569741]
      },
      "kernel_opt": {
        "bias": [-0.0108163922932655],
        "rmse": [0.183780848812992]
      },
      "kernel_hscv": {
        "bias": [-0.00255274122189764],
        "rmse": [0.183448443035288]
      }
    },
    "size:50": {
      "eta_pob": [0.475577645650181],
      "no_param": {
        "bias": [-0.410344228644085],
        "rmse": [0.411007377913089]
      },
      "param": {
        "bias": [0.0196564239972503],
        "rmse": [0.135616331403272]
      },
      "kernel_opt": {
        "bias": [-0.00131547970372176],
        "rmse": [0.139326768929649]
      },
      "kernel_hscv": {
        "bias": [0.00250213733006643],
        "rmse": [0.13923795473183]
      }
    },
    "size:100": {
      "eta_pob": [0.475577645650181],
      "no_param": {
        "bias": [-0.43888165788449],
        "rmse": [0.439022713119987]
      },
      "param": {
        "bias": [0.00546695494220867],
        "rmse": [0.10228182345683]
      },
      "kernel_opt": {
        "bias": [-0.00714744445627846],
        "rmse": [0.105078292217376]
      },
      "kernel_hscv": {
        "bias": [-0.00718864956105203],
        "rmse": [0.104867811701309]
      }
    }
  },
  "AUC:0.9": {
    "size:20": {
      "eta_pob": [0.75911662091021],
      "no_param": {
        "bias": [-0.540544083014533],
        "rmse": [0.54443998566001]
      },
      "param": {
        "bias": [-0.0125812091036926],
        "rmse": [0.0971026106971052]
      },
      "kernel_opt": {
        "bias": [-0.0486841853251393],
        "rmse": [0.116144270494389]
      },
      "kernel_hscv": {
        "bias": [-0.0496475009712783],
        "rmse": [0.11744882400093]
      }
    },
    "size:50": {
      "eta_pob": [0.75911662091021],
      "no_param": {
        "bias": [-0.60672782726206],
        "rmse": [0.608844493246721]
      },
      "param": {
        "bias": [-0.00439214247956865],
        "rmse": [0.0669228672522499]
      },
      "kernel_opt": {
        "bias": [-0.0405298399064267],
        "rmse": [0.0832855315601774]
      },
      "kernel_hscv": {
        "bias": [-0.040857387699599],
        "rmse": [0.0839620826870899]
      }
    },
    "size:100": {
      "eta_pob": [0.75911662091021],
      "no_param": {
        "bias": [-0.646382217813459],
        "rmse": [0.647589658632634]
      },
      "param": {
        "bias": [-0.00313648687507562],
        "rmse": [0.0503467259937337]
      },
      "kernel_opt": {
        "bias": [-0.0336568231702185],
        "rmse": [0.0647058649580056]
      },
      "kernel_hscv": {
        "bias": [-0.0342884995203593],
        "rmse": [0.0646057327823304]
      }
    }
  }
}
