{
  "header": ["Simulacion para nueva población 4"],
  "AUC:0.6": {
    "size:20": {
      "eta_pob": [0.314685894519542],
      "no_param": {
        "bias": [-0.222128784243274],
        "rmse": [0.222128784243274]
      },
      "param": {
        "bias": [0.325768049405284],
        "rmse": [0.325768049405284]
      },
      "kernel_opt": {
        "bias": [-0.0504050236968061],
        "rmse": [0.0504050236968061]
      },
      "kernel_hscv": {
        "bias": [0.00815846710909179],
        "rmse": [0.00815846710909179]
      }
    },
    "size:50": {
      "eta_pob": [0.314685894519542],
      "no_param": {
        "bias": [-0.284520741007202],
        "rmse": [0.284520741007202]
      },
      "param": {
        "bias": [0.376191819282813],
        "rmse": [0.376191819282813]
      },
      "kernel_opt": {
        "bias": [-0.150987304680937],
        "rmse": [0.150987304680937]
      },
      "kernel_hscv": {
        "bias": [-0.113474214756644],
        "rmse": [0.113474214756644]
      }
    },
    "size:100": {
      "eta_pob": [0.314685894519542],
      "no_param": {
        "bias": [-0.279538809576788],
        "rmse": [0.279538809576788]
      },
      "param": {
        "bias": [0.473994967993486],
        "rmse": [0.473994967993486]
      },
      "kernel_opt": {
        "bias": [-0.0273242448534872],
        "rmse": [0.0273242448534872]
      },
      "kernel_hscv": {
        "bias": [0.0190542648124671],
        "rmse": [0.0190542648124671]
      }
    }
  },
  "AUC:0.75": {
    "size:20": {
      "eta_pob": [0.424723120899924],
      "no_param": {
        "bias": [-0.290701877946641],
        "rmse": [0.290701877946641]
      },
      "param": {
        "bias": [0.370504539333066],
        "rmse": [0.370504539333066]
      },
      "kernel_opt": {
        "bias": [-0.185035184557562],
        "rmse": [0.185035184557562]
      },
      "kernel_hscv": {
        "bias": [-0.0944335292980932],
        "rmse": [0.0944335292980932]
      }
    },
    "size:50": {
      "eta_pob": [0.424723120899924],
      "no_param": {
        "bias": [-0.37135851910489],
        "rmse": [0.37135851910489]
      },
      "param": {
        "bias": [0.340196931237996],
        "rmse": [0.340196931237996]
      },
      "kernel_opt": {
        "bias": [-0.243316165936407],
        "rmse": [0.243316165936407]
      },
      "kernel_hscv": {
        "bias": [0.0960586109109996],
        "rmse": [0.0960586109109996]
      }
    },
    "size:100": {
      "eta_pob": [0.424723120899924],
      "no_param": {
        "bias": [-0.386538645154364],
        "rmse": [0.386538645154364]
      },
      "param": {
        "bias": [0.412783454371581],
        "rmse": [0.412783454371581]
      },
      "kernel_opt": {
        "bias": [-0.0469443079421557],
        "rmse": [0.0469443079421557]
      },
      "kernel_hscv": {
        "bias": [0.0397957055418575],
        "rmse": [0.0397957055418575]
      }
    }
  },
  "AUC:0.9": {
    "size:20": {
      "eta_pob": [0.613371717619056],
      "no_param": {
        "bias": [-0.513471844423528],
        "rmse": [0.513471844423528]
      },
      "param": {
        "bias": [0.214867611502102],
        "rmse": [0.214867611502102]
      },
      "kernel_opt": {
        "bias": [-0.300986562256493],
        "rmse": [0.300986562256493]
      },
      "kernel_hscv": {
        "bias": [-0.0152216607480817],
        "rmse": [0.0152216607480817]
      }
    },
    "size:50": {
      "eta_pob": [0.613371717619056],
      "no_param": {
        "bias": [-0.501116786475434],
        "rmse": [0.501116786475434]
      },
      "param": {
        "bias": [0.237682327890725],
        "rmse": [0.237682327890725]
      },
      "kernel_opt": {
        "bias": [0.0729455082581093],
        "rmse": [0.0729455082581093]
      },
      "kernel_hscv": {
        "bias": [0.0843024866311531],
        "rmse": [0.0843024866311531]
      }
    },
    "size:100": {
      "eta_pob": [0.613371717619056],
      "no_param": {
        "bias": [-0.515861312920959],
        "rmse": [0.515861312920959]
      },
      "param": {
        "bias": [0.243308758694867],
        "rmse": [0.243308758694867]
      },
      "kernel_opt": {
        "bias": [0.0390787125805284],
        "rmse": [0.0390787125805284]
      },
      "kernel_hscv": {
        "bias": [0.122897893053563],
        "rmse": [0.122897893053563]
      }
    }
  }
}
