{
  "header": ["Simulacion para nueva población 5"],
  "AUC:0.6": {
    "size:20": {
      "eta_pob": [0.645269761795295],
      "no_param": {
        "bias": [-0.560244466925328],
        "rmse": [0.560244466925328]
      },
      "param": {
        "bias": [0.0979707228303031],
        "rmse": [0.0979707228303031]
      },
      "kernel_opt": {
        "bias": [0.124537215579401],
        "rmse": [0.124537215579401]
      },
      "kernel_hscv": {
        "bias": [0.119866830493053],
        "rmse": [0.119866830493053]
      }
    },
    "size:50": {
      "eta_pob": [0.645269761795295],
      "no_param": {
        "bias": [-0.586531374262663],
        "rmse": [0.586531374262663]
      },
      "param": {
        "bias": [0.0415728825194341],
        "rmse": [0.0415728825194341]
      },
      "kernel_opt": {
        "bias": [0.132195777061492],
        "rmse": [0.132195777061492]
      },
      "kernel_hscv": {
        "bias": [0.0422488909347202],
        "rmse": [0.0422488909347202]
      }
    },
    "size:100": {
      "eta_pob": [0.645269761795295],
      "no_param": {
        "bias": [-0.623504392810851],
        "rmse": [0.623504392810851]
      },
      "param": {
        "bias": [-0.179905735097299],
        "rmse": [0.179905735097299]
      },
      "kernel_opt": {
        "bias": [-0.0796495576411484],
        "rmse": [0.0796495576411484]
      },
      "kernel_hscv": {
        "bias": [-0.129714212526273],
        "rmse": [0.129714212526273]
      }
    }
  },
  "AUC:0.75": {
    "size:20": {
      "eta_pob": [0.800318769132576],
      "no_param": {
        "bias": [-0.711503462352859],
        "rmse": [0.711503462352859]
      },
      "param": {
        "bias": [-0.0744270929644846],
        "rmse": [0.0744270929644846]
      },
      "kernel_opt": {
        "bias": [-0.0382205816462237],
        "rmse": [0.0382205816462237]
      },
      "kernel_hscv": {
        "bias": [-0.0786761423871112],
        "rmse": [0.0786761423871112]
      }
    },
    "size:50": {
      "eta_pob": [0.800318769132576],
      "no_param": {
        "bias": [-0.713611368365332],
        "rmse": [0.713611368365332]
      },
      "param": {
        "bias": [-0.00628988082499504],
        "rmse": [0.00628988082499504]
      },
      "kernel_opt": {
        "bias": [-0.038768405317784],
        "rmse": [0.038768405317784]
      },
      "kernel_hscv": {
        "bias": [-0.0961816754111945],
        "rmse": [0.0961816754111945]
      }
    },
    "size:100": {
      "eta_pob": [0.800318769132576],
      "no_param": {
        "bias": [-0.735557902576767],
        "rmse": [0.735557902576767]
      },
      "param": {
        "bias": [-0.0754068866652911],
        "rmse": [0.0754068866652911]
      },
      "kernel_opt": {
        "bias": [-0.0389033533713264],
        "rmse": [0.0389033533713264]
      },
      "kernel_hscv": {
        "bias": [-0.147297233803957],
        "rmse": [0.147297233803957]
      }
    }
  },
  "AUC:0.9": {
    "size:20": {
      "eta_pob": [0.872659920472386],
      "no_param": {
        "bias": [-0.762084477326282],
        "rmse": [0.762084477326282]
      },
      "param": {
        "bias": [-0.254370389757402],
        "rmse": [0.254370389757402]
      },
      "kernel_opt": {
        "bias": [-0.115020222536303],
        "rmse": [0.115020222536303]
      },
      "kernel_hscv": {
        "bias": [-0.144788699245893],
        "rmse": [0.144788699245893]
      }
    },
    "size:50": {
      "eta_pob": [0.872659920472386],
      "no_param": {
        "bias": [-0.590335506391609],
        "rmse": [0.590335506391609]
      },
      "param": {
        "bias": [-0.0591207277778291],
        "rmse": [0.0591207277778291]
      },
      "kernel_opt": {
        "bias": [-0.481539647224781],
        "rmse": [0.481539647224781]
      },
      "kernel_hscv": {
        "bias": [-0.498598545604836],
        "rmse": [0.498598545604836]
      }
    },
    "size:100": {
      "eta_pob": [0.872659920472386],
      "no_param": {
        "bias": [-0.71122128907519],
        "rmse": [0.71122128907519]
      },
      "param": {
        "bias": [-0.00748019254982268],
        "rmse": [0.00748019254982268]
      },
      "kernel_opt": {
        "bias": [-0.181624408686323],
        "rmse": [0.181624408686323]
      },
      "kernel_hscv": {
        "bias": [-0.222979946521768],
        "rmse": [0.222979946521768]
      }
    }
  }
}
