{
  "header": ["Simulacion para nueva población 8"],
  "AUC:0.6": {
    "size:20": {
      "eta_pob": [0.175842098840759],
      "no_param": {
        "bias": [-0.0652666556946553],
        "rmse": [0.0652666556946553]
      },
      "param": {
        "bias": [-0.0609494955947483],
        "rmse": [0.0609494955947483]
      },
      "kernel_opt": {
        "bias": [0.370682482993819],
        "rmse": [0.370682482993819]
      },
      "kernel_hscv": {
        "bias": [-0.0220131547194776],
        "rmse": [0.0220131547194776]
      }
    },
    "size:50": {
      "eta_pob": [0.175842098840759],
      "no_param": {
        "bias": [-0.130716901030177],
        "rmse": [0.130716901030177]
      },
      "param": {
        "bias": [0.0270198303956542],
        "rmse": [0.0270198303956542]
      },
      "kernel_opt": {
        "bias": [-0.0633040245013703],
        "rmse": [0.0633040245013703]
      },
      "kernel_hscv": {
        "bias": [0.146174244390362],
        "rmse": [0.146174244390362]
      }
    },
    "size:100": {
      "eta_pob": [0.175842098840759],
      "no_param": {
        "bias": [-0.15370259161964],
        "rmse": [0.15370259161964]
      },
      "param": {
        "bias": [0.0253527048540455],
        "rmse": [0.0253527048540455]
      },
      "kernel_opt": {
        "bias": [-0.053781642746692],
        "rmse": [0.053781642746692]
      },
      "kernel_hscv": {
        "bias": [0.0327294202210154],
        "rmse": [0.0327294202210154]
      }
    }
  },
  "AUC:0.75": {
    "size:20": {
      "eta_pob": [0.387376419790278],
      "no_param": {
        "bias": [-0.228806051074746],
        "rmse": [0.228806051074746]
      },
      "param": {
        "bias": [0.223934129148761],
        "rmse": [0.223934129148761]
      },
      "kernel_opt": {
        "bias": [0.373930235530446],
        "rmse": [0.373930235530446]
      },
      "kernel_hscv": {
        "bias": [0.395325204739653],
        "rmse": [0.395325204739653]
      }
    },
    "size:50": {
      "eta_pob": [0.387376419790278],
      "no_param": {
        "bias": [-0.306800548740982],
        "rmse": [0.306800548740982]
      },
      "param": {
        "bias": [0.0141645515968417],
        "rmse": [0.0141645515968417]
      },
      "kernel_opt": {
        "bias": [-0.0880772572534048],
        "rmse": [0.0880772572534048]
      },
      "kernel_hscv": {
        "bias": [0.0296387602873259],
        "rmse": [0.0296387602873259]
      }
    },
    "size:100": {
      "eta_pob": [0.387376419790278],
      "no_param": {
        "bias": [-0.341984465707869],
        "rmse": [0.341984465707869]
      },
      "param": {
        "bias": [0.00745241649488482],
        "rmse": [0.00745241649488482]
      },
      "kernel_opt": {
        "bias": [-0.127059896723521],
        "rmse": [0.127059896723521]
      },
      "kernel_hscv": {
        "bias": [0.0647375572867474],
        "rmse": [0.0647375572867474]
      }
    }
  },
  "AUC:0.9": {
    "size:20": {
      "eta_pob": [0.627741161709252],
      "no_param": {
        "bias": [-0.285545007522987],
        "rmse": [0.285545007522987]
      },
      "param": {
        "bias": [0.240362679895478],
        "rmse": [0.240362679895478]
      },
      "kernel_opt": {
        "bias": [0.202552682162923],
        "rmse": [0.202552682162923]
      },
      "kernel_hscv": {
        "bias": [0.189819560529982],
        "rmse": [0.189819560529982]
      }
    },
    "size:50": {
      "eta_pob": [0.627741161709252],
      "no_param": {
        "bias": [-0.473301079505203],
        "rmse": [0.473301079505203]
      },
      "param": {
        "bias": [-0.0413181110585925],
        "rmse": [0.0413181110585925]
      },
      "kernel_opt": {
        "bias": [0.124972737232869],
        "rmse": [0.124972737232869]
      },
      "kernel_hscv": {
        "bias": [0.138358719004965],
        "rmse": [0.138358719004965]
      }
    },
    "size:100": {
      "eta_pob": [0.627741161709252],
      "no_param": {
        "bias": [-0.533761244862431],
        "rmse": [0.533761244862431]
      },
      "param": {
        "bias": [0.0473033093884561],
        "rmse": [0.0473033093884561]
      },
      "kernel_opt": {
        "bias": [0.0639712615599202],
        "rmse": [0.0639712615599202]
      },
      "kernel_hscv": {
        "bias": [0.12680911884412],
        "rmse": [0.12680911884412]
      }
    }
  }
}
