{
  "header": ["Simulacion para nueva población 9"],
  "AUC:0.6": {
    "size:20": {
      "eta_pob": [0.431852497201553],
      "no_param": {
        "bias": [-0.339295386925286],
        "rmse": [0.339295386925286]
      },
      "param": {
        "bias": [-0.149967073274452],
        "rmse": [0.149967073274452]
      },
      "kernel_opt": {
        "bias": [-0.152340936508526],
        "rmse": [0.152340936508526]
      },
      "kernel_hscv": {
        "bias": [0.00907362008486307],
        "rmse": [0.00907362008486307]
      }
    },
    "size:50": {
      "eta_pob": [0.431852497201553],
      "no_param": {
        "bias": [-0.35627446185073],
        "rmse": [0.35627446185073]
      },
      "param": {
        "bias": [0.0195006887951866],
        "rmse": [0.0195006887951866]
      },
      "kernel_opt": {
        "bias": [-0.0270632089187073],
        "rmse": [0.0270632089187073]
      },
      "kernel_hscv": {
        "bias": [-0.0373267737552296],
        "rmse": [0.0373267737552296]
      }
    },
    "size:100": {
      "eta_pob": [0.431852497201553],
      "no_param": {
        "bias": [-0.372360193589987],
        "rmse": [0.372360193589987]
      },
      "param": {
        "bias": [0.0236368814533613],
        "rmse": [0.0236368814533613]
      },
      "kernel_opt": {
        "bias": [-0.0812063456519189],
        "rmse": [0.0812063456519189]
      },
      "kernel_hscv": {
        "bias": [0.0572181624461593],
        "rmse": [0.0572181624461593]
      }
    }
  },
  "AUC:0.75": {
    "size:20": {
      "eta_pob": [0.526518434336645],
      "no_param": {
        "bias": [-0.437703127556928],
        "rmse": [0.437703127556928]
      },
      "param": {
        "bias": [-0.0026674992315846],
        "rmse": [0.0026674992315846]
      },
      "kernel_opt": {
        "bias": [-0.12977444432261],
        "rmse": [0.12977444432261]
      },
      "kernel_hscv": {
        "bias": [-0.111319449356213],
        "rmse": [0.111319449356213]
      }
    },
    "size:50": {
      "eta_pob": [0.526518434336645],
      "no_param": {
        "bias": [-0.449683087751549],
        "rmse": [0.449683087751549]
      },
      "param": {
        "bias": [0.0434229391274974],
        "rmse": [0.0434229391274974]
      },
      "kernel_opt": {
        "bias": [-0.0484604400203782],
        "rmse": [0.0484604400203782]
      },
      "kernel_hscv": {
        "bias": [-0.0114395346096786],
        "rmse": [0.0114395346096786]
      }
    },
    "size:100": {
      "eta_pob": [0.526518434336645],
      "no_param": {
        "bias": [-0.470869583208266],
        "rmse": [0.470869583208266]
      },
      "param": {
        "bias": [0.0174891891562567],
        "rmse": [0.0174891891562567]
      },
      "kernel_opt": {
        "bias": [-0.109543816340925],
        "rmse": [0.109543816340925]
      },
      "kernel_hscv": {
        "bias": [-0.0214472585040703],
        "rmse": [0.0214472585040703]
      }
    }
  },
  "AUC:0.9": {
    "size:20": {
      "eta_pob": [0.639279722285497],
      "no_param": {
        "bias": [-0.275281029026455],
        "rmse": [0.275281029026455]
      },
      "param": {
        "bias": [0.00256973328636878],
        "rmse": [0.00256973328636878]
      },
      "kernel_opt": {
        "bias": [-0.155181143489643],
        "rmse": [0.155181143489643]
      },
      "kernel_hscv": {
        "bias": [0.026281520388945],
        "rmse": [0.026281520388945]
      }
    },
    "size:50": {
      "eta_pob": [0.639279722285497],
      "no_param": {
        "bias": [-0.524260387719083],
        "rmse": [0.524260387719083]
      },
      "param": {
        "bias": [0.0251467365772395],
        "rmse": [0.0251467365772395]
      },
      "kernel_opt": {
        "bias": [-0.0508454093742113],
        "rmse": [0.0508454093742113]
      },
      "kernel_hscv": {
        "bias": [-0.0153479901066028],
        "rmse": [0.0153479901066028]
      }
    },
    "size:100": {
      "eta_pob": [0.639279722285497],
      "no_param": {
        "bias": [-0.496087830387316],
        "rmse": [0.496087830387316]
      },
      "param": {
        "bias": [0.0285264415700088],
        "rmse": [0.0285264415700088]
      },
      "kernel_opt": {
        "bias": [0.0397058316797814],
        "rmse": [0.0397058316797814]
      },
      "kernel_hscv": {
        "bias": [0.0596629668234909],
        "rmse": [0.0596629668234909]
      }
    }
  }
}
