{
  "header": ["Simulacion para nueva población 6"],
  "AUC:0.6": {
    "size:20": {
      "eta_pob": [0.566540877867009],
      "no_param": {
        "bias": [-0.410918873817651],
        "rmse": [0.410918873817651]
      },
      "param": {
        "bias": [-0.0398191590358387],
        "rmse": [0.0398191590358387]
      },
      "kernel_opt": {
        "bias": [0.00441799804153387],
        "rmse": [0.00441799804153387]
      },
      "kernel_hscv": {
        "bias": [-0.00981434603218789],
        "rmse": [0.00981434603218789]
      }
    },
    "size:50": {
      "eta_pob": [0.566540877867009],
      "no_param": {
        "bias": [-0.511150126021149],
        "rmse": [0.511150126021149]
      },
      "param": {
        "bias": [-0.0336622632909938],
        "rmse": [0.0336622632909938]
      },
      "kernel_opt": {
        "bias": [-0.0472914219021225],
        "rmse": [0.0472914219021225]
      },
      "kernel_hscv": {
        "bias": [-0.0735695090973095],
        "rmse": [0.0735695090973095]
      }
    },
    "size:100": {
      "eta_pob": [0.566540877867009],
      "no_param": {
        "bias": [-0.509884753998558],
        "rmse": [0.509884753998558]
      },
      "param": {
        "bias": [0.01485519435484],
        "rmse": [0.01485519435484]
      },
      "kernel_opt": {
        "bias": [-0.00119297287745135],
        "rmse": [0.00119297287745135]
      },
      "kernel_hscv": {
        "bias": [0.00100820605510776],
        "rmse": [0.00100820605510776]
      }
    }
  },
  "AUC:0.75": {
    "size:20": {
      "eta_pob": [0.602284523964764],
      "no_param": {
        "bias": [-0.446662519915406],
        "rmse": [0.446662519915406]
      },
      "param": {
        "bias": [-0.0254904120671203],
        "rmse": [0.0254904120671203]
      },
      "kernel_opt": {
        "bias": [-0.0404063403148041],
        "rmse": [0.0404063403148041]
      },
      "kernel_hscv": {
        "bias": [-0.0777235064742358],
        "rmse": [0.0777235064742358]
      }
    },
    "size:50": {
      "eta_pob": [0.602284523964764],
      "no_param": {
        "bias": [-0.48892059336364],
        "rmse": [0.48892059336364]
      },
      "param": {
        "bias": [-0.0493335881681519],
        "rmse": [0.0493335881681519]
      },
      "kernel_opt": {
        "bias": [-0.0765830500231029],
        "rmse": [0.0765830500231029]
      },
      "kernel_hscv": {
        "bias": [-0.069442848013863],
        "rmse": [0.069442848013863]
      }
    },
    "size:100": {
      "eta_pob": [0.602284523964764],
      "no_param": {
        "bias": [-0.507270453267695],
        "rmse": [0.507270453267695]
      },
      "param": {
        "bias": [0.0245912114857746],
        "rmse": [0.0245912114857746]
      },
      "kernel_opt": {
        "bias": [-0.0139133408191571],
        "rmse": [0.0139133408191571]
      },
      "kernel_hscv": {
        "bias": [0.0314835658256305],
        "rmse": [0.0314835658256305]
      }
    }
  },
  "AUC:0.9": {
    "size:20": {
      "eta_pob": [0.681977289776767],
      "no_param": {
        "bias": [-0.498272833503447],
        "rmse": [0.498272833503447]
      },
      "param": {
        "bias": [-0.0651426985728967],
        "rmse": [0.0651426985728967]
      },
      "kernel_opt": {
        "bias": [-0.140774266022464],
        "rmse": [0.140774266022464]
      },
      "kernel_hscv": {
        "bias": [-0.166591781442099],
        "rmse": [0.166591781442099]
      }
    },
    "size:50": {
      "eta_pob": [0.681977289776767],
      "no_param": {
        "bias": [-0.448708294757247],
        "rmse": [0.448708294757247]
      },
      "param": {
        "bias": [0.0119960138013289],
        "rmse": [0.0119960138013289]
      },
      "kernel_opt": {
        "bias": [-0.046510201116055],
        "rmse": [0.046510201116055]
      },
      "kernel_hscv": {
        "bias": [-0.0376088105565542],
        "rmse": [0.0376088105565542]
      }
    },
    "size:100": {
      "eta_pob": [0.681977289776767],
      "no_param": {
        "bias": [-0.501853162702179],
        "rmse": [0.501853162702179]
      },
      "param": {
        "bias": [0.00975417127221723],
        "rmse": [0.00975417127221723]
      },
      "kernel_opt": {
        "bias": [0.0266738251391733],
        "rmse": [0.0266738251391733]
      },
      "kernel_hscv": {
        "bias": [0.0683025213740591],
        "rmse": [0.0683025213740591]
      }
    }
  }
}
