{
  "header": ["Simulacion para nueva población 2"],
  "AUC:0.6": {
    "size:20": {
      "eta_pob": [0.542404084926151],
      "no_param": {
        "bias": [-0.453770418241291],
        "rmse": [0.455023027388598]
      },
      "param": {
        "bias": [-0.312424415791524],
        "rmse": [0.335801587454182]
      },
      "kernel_opt": {
        "bias": [-0.113051270611267],
        "rmse": [0.265666600112929]
      },
      "kernel_hscv": {
        "bias": [-0.104037616844441],
        "rmse": [0.261340702859401]
      }
    },
    "size:50": {
      "eta_pob": [0.542404084926151],
      "no_param": {
        "bias": [-0.496404657237968],
        "rmse": [0.496640097727774]
      },
      "param": {
        "bias": [-0.35371337558464],
        "rmse": [0.361022304610843]
      },
      "kernel_opt": {
        "bias": [-0.0851110459740606],
        "rmse": [0.202774957528944]
      },
      "kernel_hscv": {
        "bias": [-0.0812616260416797],
        "rmse": [0.200190362266311]
      }
    },
    "size:100": {
      "eta_pob": [0.542404084926151],
      "no_param": {
        "bias": [-0.515605682970259],
        "rmse": [0.515666217388566]
      },
      "param": {
        "bias": [-0.364885708983297],
        "rmse": [0.368483280068413]
      },
      "kernel_opt": {
        "bias": [-0.0842199158013187],
        "rmse": [0.170864713847741]
      },
      "kernel_hscv": {
        "bias": [-0.0839672498443103],
        "rmse": [0.169698294175301]
      }
    }
  },
  "AUC:0.75": {
    "size:20": {
      "eta_pob": [0.766150472457962],
      "no_param": {
        "bias": [-0.635547705126689],
        "rmse": [0.637496433826778]
      },
      "param": {
        "bias": [-0.35652670174506],
        "rmse": [0.379843917418583]
      },
      "kernel_opt": {
        "bias": [-0.12894672002614],
        "rmse": [0.210814651382446]
      },
      "kernel_hscv": {
        "bias": [-0.12897273187895],
        "rmse": [0.210903765815315]
      }
    },
    "size:50": {
      "eta_pob": [0.766150472457962],
      "no_param": {
        "bias": [-0.680022302006153],
        "rmse": [0.680825652277186]
      },
      "param": {
        "bias": [-0.375371363272248],
        "rmse": [0.384136258769463]
      },
      "kernel_opt": {
        "bias": [-0.0916744428726203],
        "rmse": [0.138502035266777]
      },
      "kernel_hscv": {
        "bias": [-0.0915902354504133],
        "rmse": [0.13837710037121]
      }
    },
    "size:100": {
      "eta_pob": [0.766150472457962],
      "no_param": {
        "bias": [-0.709360722826257],
        "rmse": [0.709643584831396]
      },
      "param": {
        "bias": [-0.386890618316027],
        "rmse": [0.391246528803538]
      },
      "kernel_opt": {
        "bias": [-0.0887412482418796],
        "rmse": [0.116486260267482]
      },
      "kernel_hscv": {
        "bias": [-0.0894382362212515],
        "rmse": [0.116589717351795]
      }
    }
  },
  "AUC:0.9": {
    "size:20": {
      "eta_pob": [0.862742528503343],
      "no_param": {
        "bias": [-0.619530166404386],
        "rmse": [0.622698729610728]
      },
      "param": {
        "bias": [-0.201882687916825],
        "rmse": [0.226042386867]
      },
      "kernel_opt": {
        "bias": [-0.0746760692934867],
        "rmse": [0.0967910305235313]
      },
      "kernel_hscv": {
        "bias": [-0.0762009003131976],
        "rmse": [0.0977221150081296]
      }
    },
    "size:50": {
      "eta_pob": [0.862742528503343],
      "no_param": {
        "bias": [-0.66799487430013],
        "rmse": [0.670121002933615]
      },
      "param": {
        "bias": [-0.210927581423777],
        "rmse": [0.221742760027227]
      },
      "kernel_opt": {
        "bias": [-0.0692067483859392],
        "rmse": [0.0779358270801547]
      },
      "kernel_hscv": {
        "bias": [-0.0697943366802126],
        "rmse": [0.078600382037365]
      }
    },
    "size:100": {
      "eta_pob": [0.862742528503343],
      "no_param": {
        "bias": [-0.69972362322423],
        "rmse": [0.701258808041412]
      },
      "param": {
        "bias": [-0.216238014208305],
        "rmse": [0.221972157311886]
      },
      "kernel_opt": {
        "bias": [-0.0666207569593689],
        "rmse": [0.0714349123116824]
      },
      "kernel_hscv": {
        "bias": [-0.066875376484979],
        "rmse": [0.0715395707638213]
      }
    }
  }
}
