{
  "header": ["Simulacion para nueva población 7"],
  "AUC:0.6": {
    "size:20": {
      "eta_pob": [0.824955035069649],
      "no_param": {
        "bias": [-0.681463956827312],
        "rmse": [0.681463956827312]
      },
      "param": {
        "bias": [0.00317213024630814],
        "rmse": [0.00317213024630814]
      },
      "kernel_opt": {
        "bias": [-0.0617834964778198],
        "rmse": [0.0617834964778198]
      },
      "kernel_hscv": {
        "bias": [-0.0393460839616318],
        "rmse": [0.0393460839616318]
      }
    },
    "size:50": {
      "eta_pob": [0.824955035069649],
      "no_param": {
        "bias": [-0.721730914965648],
        "rmse": [0.721730914965648]
      },
      "param": {
        "bias": [-0.0196653876883865],
        "rmse": [0.0196653876883865]
      },
      "kernel_opt": {
        "bias": [-0.285365130186384],
        "rmse": [0.285365130186384]
      },
      "kernel_hscv": {
        "bias": [-0.479825024855387],
        "rmse": [0.479825024855387]
      }
    },
    "size:100": {
      "eta_pob": [0.824955035069649],
      "no_param": {
        "bias": [-0.790167208948544],
        "rmse": [0.790167208948544]
      },
      "param": {
        "bias": [-0.0787828988493539],
        "rmse": [0.0787828988493539]
      },
      "kernel_opt": {
        "bias": [-0.130673549433471],
        "rmse": [0.130673549433471]
      },
      "kernel_hscv": {
        "bias": [-0.245540039968731],
        "rmse": [0.245540039968731]
      }
    }
  },
  "AUC:0.75": {
    "size:20": {
      "eta_pob": [0.866545785613127],
      "no_param": {
        "bias": [-0.713905297188994],
        "rmse": [0.713905297188994]
      },
      "param": {
        "bias": [-0.0398447007127211],
        "rmse": [0.0398447007127211]
      },
      "kernel_opt": {
        "bias": [-0.0811683625755792],
        "rmse": [0.0811683625755792]
      },
      "kernel_hscv": {
        "bias": [-0.264761939207509],
        "rmse": [0.264761939207509]
      }
    },
    "size:50": {
      "eta_pob": [0.866545785613127],
      "no_param": {
        "bias": [-0.763321665509126],
        "rmse": [0.763321665509126]
      },
      "param": {
        "bias": [-0.0238692554774425],
        "rmse": [0.0238692554774425]
      },
      "kernel_opt": {
        "bias": [-0.208675517716911],
        "rmse": [0.208675517716911]
      },
      "kernel_hscv": {
        "bias": [-0.443396588873892],
        "rmse": [0.443396588873892]
      }
    },
    "size:100": {
      "eta_pob": [0.866545785613127],
      "no_param": {
        "bias": [-0.762386477707808],
        "rmse": [0.762386477707808]
      },
      "param": {
        "bias": [-0.0417181588184654],
        "rmse": [0.0417181588184654]
      },
      "kernel_opt": {
        "bias": [-0.298304958997083],
        "rmse": [0.298304958997083]
      },
      "kernel_hscv": {
        "bias": [-0.140685956066131],
        "rmse": [0.140685956066131]
      }
    }
  },
  "AUC:0.9": {
    "size:20": {
      "eta_pob": [0.894512354442666],
      "no_param": {
        "bias": [-0.741871866018532],
        "rmse": [0.741871866018532]
      },
      "param": {
        "bias": [-0.106910427693364],
        "rmse": [0.106910427693364]
      },
      "kernel_opt": {
        "bias": [-0.146441785991923],
        "rmse": [0.146441785991923]
      },
      "kernel_hscv": {
        "bias": [-0.383725177141811],
        "rmse": [0.383725177141811]
      }
    },
    "size:50": {
      "eta_pob": [0.894512354442666],
      "no_param": {
        "bias": [-0.59205998307427],
        "rmse": [0.59205998307427]
      },
      "param": {
        "bias": [-0.0304486138920587],
        "rmse": [0.0304486138920587]
      },
      "kernel_opt": {
        "bias": [-0.487304766475809],
        "rmse": [0.487304766475809]
      },
      "kernel_hscv": {
        "bias": [-0.490868777291312],
        "rmse": [0.490868777291312]
      }
    },
    "size:100": {
      "eta_pob": [0.894512354442666],
      "no_param": {
        "bias": [-0.658867438453701],
        "rmse": [0.658867438453701]
      },
      "param": {
        "bias": [-0.0183825841055456],
        "rmse": [0.0183825841055456]
      },
      "kernel_opt": {
        "bias": [-0.422655459859199],
        "rmse": [0.422655459859199]
      },
      "kernel_hscv": {
        "bias": [-0.0899657831675537],
        "rmse": [0.0899657831675537]
      }
    }
  }
}
