{
  "header": ["Simulación de la tabla 1 de Faraggi"],
  "AUC:0.7": {
    "size:20": {
      "bias": [-0.305374243451633],
      "rmse": [0.308983038873307],
      "eta_pob": [0.416767656352105]
    },
    "size:50": {
      "bias": [-0.363026014939739],
      "rmse": [0.363471647444282],
      "eta_pob": [0.416767656352105]
    },
    "size:100": {
      "bias": [-0.386756031880402],
      "rmse": [0.386854627349845],
      "eta_pob": [0.416767656352105]
    }
  },
  "AUC:0.8": {
    "size:20": {
      "bias": [-0.582876174463542],
      "rmse": [0.58611208328673],
      "eta_pob": [0.73475715604286]
    },
    "size:50": {
      "bias": [-0.647147308488771],
      "rmse": [0.64803229678075],
      "eta_pob": [0.73475715604286]
    },
    "size:100": {
      "bias": [-0.683683147251818],
      "rmse": [0.683894804706976],
      "eta_pob": [0.73475715604286]
    }
  },
  "AUC:0.9": {
    "size:20": {
      "bias": [-0.684861689736201],
      "rmse": [0.689661372502303],
      "eta_pob": [0.931244448829846]
    },
    "size:50": {
      "bias": [-0.765244677208998],
      "rmse": [0.767608063070798],
      "eta_pob": [0.931244448829846]
    },
    "size:100": {
      "bias": [-0.811061702129736],
      "rmse": [0.81231584546114],
      "eta_pob": [0.931244448829846]
    }
  }
}
