{
  "header": ["Simulación de la tabla 8 de Faraggi"],
  "AUC:0.7": {
    "size:20": {
      "bias": [-0.715161723269652],
      "rmse": [0.716720645726026],
      "eta_pob": [0.856926738171524]
    },
    "size:50": {
      "bias": [-0.75264513943662],
      "rmse": [0.753332722113667],
      "eta_pob": [0.856926738171524]
    },
    "size:100": {
      "bias": [-0.774578226548355],
      "rmse": [0.774945326576797],
      "eta_pob": [0.856926738171524]
    }
  },
  "AUC:0.8": {
    "size:20": {
      "bias": [-0.690105767757516],
      "rmse": [0.692422965973934],
      "eta_pob": [0.8703837651869]
    },
    "size:50": {
      "bias": [-0.72719892317776],
      "rmse": [0.728228525242559],
      "eta_pob": [0.8703837651869]
    },
    "size:100": {
      "bias": [-0.746483233921451],
      "rmse": [0.747121428616329],
      "eta_pob": [0.8703837651869]
    }
  },
  "AUC:0.9": {
    "size:20": {
      "bias": [-0.619423764760088],
      "rmse": [0.623454375785152],
      "eta_pob": [0.86003726283547]
    },
    "size:50": {
      "bias": [-0.66353067746585],
      "rmse": [0.665104805424213],
      "eta_pob": [0.86003726283547]
    },
    "size:100": {
      "bias": [-0.686945350557679],
      "rmse": [0.687927916990418],
      "eta_pob": [0.86003726283547]
    }
  }
}
