{
  "header": ["Simulacion para nueva población 4"],
  "AUC:0.6": {
    "size:20": {
      "eta_pob": [0.314685894519542],
      "no_param": {
        "bias": [-0.20070266468055],
        "rmse": [0.204752960672737]
      },
      "param": {
        "bias": [0.014413017620063],
        "rmse": [0.103376676105777]
      },
      "kernel_opt": {
        "bias": [5.02772592054224e-05],
        "rmse": [0.13609346706252]
      },
      "kernel_hscv": {
        "bias": [0.027253343338805],
        "rmse": [0.135688960991726]
      }
    },
    "size:50": {
      "eta_pob": [0.314685894519542],
      "no_param": {
        "bias": [-0.259548051066442],
        "rmse": [0.260098652416622]
      },
      "param": {
        "bias": [0.00126490487886138],
        "rmse": [0.0597068589714574]
      },
      "kernel_opt": {
        "bias": [-0.0390245789492957],
        "rmse": [0.0886681558239371]
      },
      "kernel_hscv": {
        "bias": [-0.0146310161639879],
        "rmse": [0.073770688826244]
      }
    },
    "size:100": {
      "eta_pob": [0.314685894519542],
      "no_param": {
        "bias": [-0.284651309639153],
        "rmse": [0.284739180693113]
      },
      "param": {
        "bias": [0.00299638036778971],
        "rmse": [0.044389815859432]
      },
      "kernel_opt": {
        "bias": [-0.0380778884063798],
        "rmse": [0.0724781995983101]
      },
      "kernel_hscv": {
        "bias": [-0.0187211441679366],
        "rmse": [0.0556954422448568]
      }
    }
  },
  "AUC:0.75": {
    "size:20": {
      "eta_pob": [0.424723120899924],
      "no_param": {
        "bias": [-0.28811562233495],
        "rmse": [0.292150430301766]
      },
      "param": {
        "bias": [0.0241375324441622],
        "rmse": [0.0986445782211751]
      },
      "kernel_opt": {
        "bias": [-0.011277647643835],
        "rmse": [0.162488505479918]
      },
      "kernel_hscv": {
        "bias": [0.0782714353353001],
        "rmse": [0.175509759150436]
      }
    },
    "size:50": {
      "eta_pob": [0.424723120899924],
      "no_param": {
        "bias": [-0.354415057094687],
        "rmse": [0.355143848255447]
      },
      "param": {
        "bias": [0.00834973570179953],
        "rmse": [0.0576462683075389]
      },
      "kernel_opt": {
        "bias": [-0.0562000095561875],
        "rmse": [0.110340366584975]
      },
      "kernel_hscv": {
        "bias": [0.0451557765283591],
        "rmse": [0.111584952844508]
      }
    },
    "size:100": {
      "eta_pob": [0.424723120899924],
      "no_param": {
        "bias": [-0.386608520027196],
        "rmse": [0.386730350548634]
      },
      "param": {
        "bias": [0.00125626741233892],
        "rmse": [0.0402992785018496]
      },
      "kernel_opt": {
        "bias": [-0.0746070585214155],
        "rmse": [0.0968377607211821]
      },
      "kernel_hscv": {
        "bias": [0.0186883217429053],
        "rmse": [0.0693317998595216]
      }
    }
  },
  "AUC:0.9": {
    "size:20": {
      "eta_pob": [0.613371717619056],
      "no_param": {
        "bias": [-0.398848817042203],
        "rmse": [0.404642491485095]
      },
      "param": {
        "bias": [0.0338737276157306],
        "rmse": [0.0921682459041222]
      },
      "kernel_opt": {
        "bias": [0.0743518933603393],
        "rmse": [0.150533131233116]
      },
      "kernel_hscv": {
        "bias": [0.12732982952299],
        "rmse": [0.154257520134439]
      }
    },
    "size:50": {
      "eta_pob": [0.613371717619056],
      "no_param": {
        "bias": [-0.483446584328152],
        "rmse": [0.485529872882258]
      },
      "param": {
        "bias": [0.012993319705506],
        "rmse": [0.0543461140576688]
      },
      "kernel_opt": {
        "bias": [0.0479142718853005],
        "rmse": [0.10951873516988]
      },
      "kernel_hscv": {
        "bias": [0.10061026270118],
        "rmse": [0.12121048728381]
      }
    },
    "size:100": {
      "eta_pob": [0.613371717619056],
      "no_param": {
        "bias": [-0.535104511152344],
        "rmse": [0.535631277888402]
      },
      "param": {
        "bias": [0.00629413283907743],
        "rmse": [0.0367526917080809]
      },
      "kernel_opt": {
        "bias": [0.0315239865695109],
        "rmse": [0.0784447451577214]
      },
      "kernel_hscv": {
        "bias": [0.0816647264958895],
        "rmse": [0.0957111149813043]
      }
    }
  }
}
