{
  "header": ["Simulacion para nueva población 7"],
  "AUC:0.6": {
    "size:20": {
      "eta_pob": [0.824955035069649],
      "no_param": {
        "bias": [-0.715494481113152],
        "rmse": [0.716657016705111]
      },
      "param": {
        "bias": [-0.0813242310334149],
        "rmse": [0.156057162405031]
      },
      "kernel_opt": {
        "bias": [-0.127607003722033],
        "rmse": [0.175681351825285]
      },
      "kernel_hscv": {
        "bias": [-0.158843672635122],
        "rmse": [0.203575510044038]
      }
    },
    "size:50": {
      "eta_pob": [0.824955035069649],
      "no_param": {
        "bias": [-0.753714973595975],
        "rmse": [0.754131633701493]
      },
      "param": {
        "bias": [-0.0571962443680082],
        "rmse": [0.0902392849840663]
      },
      "kernel_opt": {
        "bias": [-0.134337450999985],
        "rmse": [0.169268968992467]
      },
      "kernel_hscv": {
        "bias": [-0.21156513759885],
        "rmse": [0.23433287924092]
      }
    },
    "size:100": {
      "eta_pob": [0.824955035069649],
      "no_param": {
        "bias": [-0.775159167734497],
        "rmse": [0.775345239402557]
      },
      "param": {
        "bias": [-0.0509739951362873],
        "rmse": [0.066360599735987]
      },
      "kernel_opt": {
        "bias": [-0.142361544070838],
        "rmse": [0.167105241782429]
      },
      "kernel_hscv": {
        "bias": [-0.277100877117877],
        "rmse": [0.294645517464985]
      }
    }
  },
  "AUC:0.75": {
    "size:20": {
      "eta_pob": [0.866545785613127],
      "no_param": {
        "bias": [-0.70556518766742],
        "rmse": [0.707692430099891]
      },
      "param": {
        "bias": [-0.0563544928502029],
        "rmse": [0.0997487649435914]
      },
      "kernel_opt": {
        "bias": [-0.192433103965039],
        "rmse": [0.232448403260013]
      },
      "kernel_hscv": {
        "bias": [-0.215894967770137],
        "rmse": [0.256260845660217]
      }
    },
    "size:50": {
      "eta_pob": [0.866545785613127],
      "no_param": {
        "bias": [-0.739241283952828],
        "rmse": [0.740397712146907]
      },
      "param": {
        "bias": [-0.0376932684296254],
        "rmse": [0.0498536487428322]
      },
      "kernel_opt": {
        "bias": [-0.249012153951297],
        "rmse": [0.287642080982689]
      },
      "kernel_hscv": {
        "bias": [-0.27999458670737],
        "rmse": [0.311213696145763]
      }
    },
    "size:100": {
      "eta_pob": [0.866545785613127],
      "no_param": {
        "bias": [-0.765518624683966],
        "rmse": [0.7661216990736]
      },
      "param": {
        "bias": [-0.0333132207389852],
        "rmse": [0.0384016814508404]
      },
      "kernel_opt": {
        "bias": [-0.256059930536667],
        "rmse": [0.286388334994894]
      },
      "kernel_hscv": {
        "bias": [-0.264253121763768],
        "rmse": [0.298080353267076]
      }
    }
  },
  "AUC:0.9": {
    "size:20": {
      "eta_pob": [0.894512354442666],
      "no_param": {
        "bias": [-0.61820789127288],
        "rmse": [0.62061613722784]
      },
      "param": {
        "bias": [-0.0327952967576245],
        "rmse": [0.0482015577473952]
      },
      "kernel_opt": {
        "bias": [-0.372360899105125],
        "rmse": [0.397926174371066]
      },
      "kernel_hscv": {
        "bias": [-0.405308993610047],
        "rmse": [0.426573407741693]
      }
    },
    "size:50": {
      "eta_pob": [0.894512354442666],
      "no_param": {
        "bias": [-0.648527392929028],
        "rmse": [0.650280793811446]
      },
      "param": {
        "bias": [-0.0267044370821429],
        "rmse": [0.0297869117431847]
      },
      "kernel_opt": {
        "bias": [-0.419533748145996],
        "rmse": [0.435872896340662]
      },
      "kernel_hscv": {
        "bias": [-0.399395904920073],
        "rmse": [0.428104029124421]
      }
    },
    "size:100": {
      "eta_pob": [0.894512354442666],
      "no_param": {
        "bias": [-0.669002260843106],
        "rmse": [0.670337959129834]
      },
      "param": {
        "bias": [-0.0239468465830786],
        "rmse": [0.0250065337694103]
      },
      "kernel_opt": {
        "bias": [-0.4071066947653],
        "rmse": [0.426110120799142]
      },
      "kernel_hscv": {
        "bias": [-0.334140960916764],
        "rmse": [0.392775680397789]
      }
    }
  }
}
