{
  "header": ["Simulacion para nueva población 10"],
  "AUC:0.6": {
    "size:20": {
      "eta_pob": [0.775824315337875],
      "no_param": {
        "bias": [-0.685101287358113],
        "rmse": [0.685893106007128]
      },
      "param": {
        "bias": [-0.267301288805687],
        "rmse": [0.350625281934529]
      },
      "kernel_opt": {
        "bias": [-0.122801643699084],
        "rmse": [0.211036705865185]
      },
      "kernel_hscv": {
        "bias": [-0.141108735904081],
        "rmse": [0.20916586850016]
      }
    },
    "size:50": {
      "eta_pob": [0.775824315337875],
      "no_param": {
        "bias": [-0.724535844796956],
        "rmse": [0.724741493788873]
      },
      "param": {
        "bias": [-0.274580241038676],
        "rmse": [0.32387916574326]
      },
      "kernel_opt": {
        "bias": [-0.120237572726248],
        "rmse": [0.152725481718248]
      },
      "kernel_hscv": {
        "bias": [-0.174171690555139],
        "rmse": [0.201532220876445]
      }
    },
    "size:100": {
      "eta_pob": [0.775824315337875],
      "no_param": {
        "bias": [-0.742483290913192],
        "rmse": [0.74257153353637]
      },
      "param": {
        "bias": [-0.264421461750632],
        "rmse": [0.295464317423193]
      },
      "kernel_opt": {
        "bias": [-0.146470825879296],
        "rmse": [0.164509508233027]
      },
      "kernel_hscv": {
        "bias": [-0.218733283324205],
        "rmse": [0.233630458320199]
      }
    }
  },
  "AUC:0.75": {
    "size:20": {
      "eta_pob": [0.829168747772827],
      "no_param": {
        "bias": [-0.692114180399456],
        "rmse": [0.693964248148468]
      },
      "param": {
        "bias": [-0.182251906188702],
        "rmse": [0.245732896262107]
      },
      "kernel_opt": {
        "bias": [-0.0777663686451516],
        "rmse": [0.106166939172625]
      },
      "kernel_hscv": {
        "bias": [-0.090362944518558],
        "rmse": [0.106988793681182]
      }
    },
    "size:50": {
      "eta_pob": [0.829168747772827],
      "no_param": {
        "bias": [-0.737632813632088],
        "rmse": [0.738376190399714]
      },
      "param": {
        "bias": [-0.157214392371407],
        "rmse": [0.192274255281803]
      },
      "kernel_opt": {
        "bias": [-0.0854319810385673],
        "rmse": [0.0949566423950406]
      },
      "kernel_hscv": {
        "bias": [-0.121369250745101],
        "rmse": [0.128652795455748]
      }
    },
    "size:100": {
      "eta_pob": [0.829168747772827],
      "no_param": {
        "bias": [-0.762878005733912],
        "rmse": [0.76325653653385]
      },
      "param": {
        "bias": [-0.145040783028444],
        "rmse": [0.165460032616647]
      },
      "kernel_opt": {
        "bias": [-0.100355730315914],
        "rmse": [0.10639902263834]
      },
      "kernel_hscv": {
        "bias": [-0.154885021607944],
        "rmse": [0.160359145753259]
      }
    }
  },
  "AUC:0.9": {
    "size:20": {
      "eta_pob": [0.87187178664344],
      "no_param": {
        "bias": [-0.634150063647142],
        "rmse": [0.637354902275083]
      },
      "param": {
        "bias": [-0.0985478515740319],
        "rmse": [0.131442150184508]
      },
      "kernel_opt": {
        "bias": [-0.0791050882175982],
        "rmse": [0.0818127959540748]
      },
      "kernel_hscv": {
        "bias": [-0.09210440455879],
        "rmse": [0.0945470765098991]
      }
    },
    "size:50": {
      "eta_pob": [0.87187178664344],
      "no_param": {
        "bias": [-0.679084035240365],
        "rmse": [0.680988691084588]
      },
      "param": {
        "bias": [-0.0833962207162159],
        "rmse": [0.0994713884054424]
      },
      "kernel_opt": {
        "bias": [-0.0813079499593573],
        "rmse": [0.0826416570007712]
      },
      "kernel_hscv": {
        "bias": [-0.108428803321982],
        "rmse": [0.110508239263976]
      }
    },
    "size:100": {
      "eta_pob": [0.87187178664344],
      "no_param": {
        "bias": [-0.712567053985764],
        "rmse": [0.713812399636514]
      },
      "param": {
        "bias": [-0.0762234245431295],
        "rmse": [0.0860889232497078]
      },
      "kernel_opt": {
        "bias": [-0.0869109567908699],
        "rmse": [0.0879176484342083]
      },
      "kernel_hscv": {
        "bias": [-0.12766243863467],
        "rmse": [0.129943090533882]
      }
    }
  }
}
