{
  "header": ["Simulacion para nueva población 9"],
  "AUC:0.6": {
    "size:20": {
      "eta_pob": [0.431852497201553],
      "no_param": {
        "bias": [-0.290309186107299],
        "rmse": [0.294845637300667]
      },
      "param": {
        "bias": [0.000971198832201314],
        "rmse": [0.0767953330402659]
      },
      "kernel_opt": {
        "bias": [-0.0615594584498],
        "rmse": [0.116204023262413]
      },
      "kernel_hscv": {
        "bias": [-0.0429051981254175],
        "rmse": [0.107513416266102]
      }
    },
    "size:50": {
      "eta_pob": [0.431852497201553],
      "no_param": {
        "bias": [-0.359160653360122],
        "rmse": [0.359934013293677]
      },
      "param": {
        "bias": [-0.00529438873518789],
        "rmse": [0.0491994990161342]
      },
      "kernel_opt": {
        "bias": [-0.0853372700224332],
        "rmse": [0.105807692284933]
      },
      "kernel_hscv": {
        "bias": [-0.0534355044076137],
        "rmse": [0.0859159907961579]
      }
    },
    "size:100": {
      "eta_pob": [0.431852497201553],
      "no_param": {
        "bias": [-0.392656319955548],
        "rmse": [0.392774821122789]
      },
      "param": {
        "bias": [-0.00807823955138881],
        "rmse": [0.0363209018635798]
      },
      "kernel_opt": {
        "bias": [-0.0898473173751493],
        "rmse": [0.0997080397174973]
      },
      "kernel_hscv": {
        "bias": [-0.0415988180944053],
        "rmse": [0.0658877792811044]
      }
    }
  },
  "AUC:0.75": {
    "size:20": {
      "eta_pob": [0.512794984388859],
      "no_param": {
        "bias": [-0.345283723991956],
        "rmse": [0.350073533695207]
      },
      "param": {
        "bias": [0.0211264784352051],
        "rmse": [0.0718826110733759]
      },
      "kernel_opt": {
        "bias": [-0.0722748684163825],
        "rmse": [0.119145443097744]
      },
      "kernel_hscv": {
        "bias": [-0.00696960528279233],
        "rmse": [0.118320482312681]
      }
    },
    "size:50": {
      "eta_pob": [0.512794984388859],
      "no_param": {
        "bias": [-0.420529561493385],
        "rmse": [0.421582377044716]
      },
      "param": {
        "bias": [0.0166985064959951],
        "rmse": [0.0452142895028912]
      },
      "kernel_opt": {
        "bias": [-0.0736325507393469],
        "rmse": [0.0909888106068851]
      },
      "kernel_hscv": {
        "bias": [-0.00548476514378515],
        "rmse": [0.0695526954142187]
      }
    },
    "size:100": {
      "eta_pob": [0.512794984388859],
      "no_param": {
        "bias": [-0.46114534345018],
        "rmse": [0.461363024595705]
      },
      "param": {
        "bias": [0.0142475802867822],
        "rmse": [0.0326272993160714]
      },
      "kernel_opt": {
        "bias": [-0.068655888316732],
        "rmse": [0.0779892304415364]
      },
      "kernel_hscv": {
        "bias": [-0.00722227389322727],
        "rmse": [0.0466492960844913]
      }
    }
  },
  "AUC:0.9": {
    "size:20": {
      "eta_pob": [0.639279722285497],
      "no_param": {
        "bias": [-0.395036328341191],
        "rmse": [0.401278222208214]
      },
      "param": {
        "bias": [0.0271603071064606],
        "rmse": [0.0561931615608673]
      },
      "kernel_opt": {
        "bias": [0.00165980621021966],
        "rmse": [0.0977029529704841]
      },
      "kernel_hscv": {
        "bias": [0.0578047923828044],
        "rmse": [0.112900948678822]
      }
    },
    "size:50": {
      "eta_pob": [0.639279722285497],
      "no_param": {
        "bias": [-0.487133235740115],
        "rmse": [0.48960541906065]
      },
      "param": {
        "bias": [0.0192973469979916],
        "rmse": [0.0343686352866336]
      },
      "kernel_opt": {
        "bias": [-0.0103800339478685],
        "rmse": [0.0597325668346617]
      },
      "kernel_hscv": {
        "bias": [0.0408839078276793],
        "rmse": [0.0791213958763575]
      }
    },
    "size:100": {
      "eta_pob": [0.639279722285497],
      "no_param": {
        "bias": [-0.544161244306524],
        "rmse": [0.544935831743285]
      },
      "param": {
        "bias": [0.0175038982927253],
        "rmse": [0.0269269367613738]
      },
      "kernel_opt": {
        "bias": [-0.0112976539196422],
        "rmse": [0.0392563620732812]
      },
      "kernel_hscv": {
        "bias": [0.0299994086160936],
        "rmse": [0.0567387247811336]
      }
    }
  }
}
