{
  "header": ["Simulacion para nueva población 5"],
  "AUC:0.6": {
    "size:20": {
      "eta_pob": [0.645269761795295],
      "no_param": {
        "bias": [-0.554401859790125],
        "rmse": [0.55547833770975]
      },
      "param": {
        "bias": [-0.0859396461803194],
        "rmse": [0.248409413531896]
      },
      "kernel_opt": {
        "bias": [0.00325561885342984],
        "rmse": [0.179621286230025]
      },
      "kernel_hscv": {
        "bias": [-0.00580517094226518],
        "rmse": [0.154082681283706]
      }
    },
    "size:50": {
      "eta_pob": [0.645269761795295],
      "no_param": {
        "bias": [-0.595949289903967],
        "rmse": [0.5961885607565]
      },
      "param": {
        "bias": [-0.0763746282998636],
        "rmse": [0.195390228035377]
      },
      "kernel_opt": {
        "bias": [0.00879526425123522],
        "rmse": [0.11489406050601]
      },
      "kernel_hscv": {
        "bias": [-0.0614591320451541],
        "rmse": [0.125823202819222]
      }
    },
    "size:100": {
      "eta_pob": [0.645269761795295],
      "no_param": {
        "bias": [-0.615735923683615],
        "rmse": [0.615807913205179]
      },
      "param": {
        "bias": [-0.0741978677157094],
        "rmse": [0.15332431644957]
      },
      "kernel_opt": {
        "bias": [-0.0166874865322822],
        "rmse": [0.0968574894649974]
      },
      "kernel_hscv": {
        "bias": [-0.135543549470943],
        "rmse": [0.165088174126258]
      }
    }
  },
  "AUC:0.75": {
    "size:20": {
      "eta_pob": [0.800318769132576],
      "no_param": {
        "bias": [-0.664465099677144],
        "rmse": [0.666477114305705]
      },
      "param": {
        "bias": [-0.0870606137365636],
        "rmse": [0.178689897279659]
      },
      "kernel_opt": {
        "bias": [-0.0593934527089988],
        "rmse": [0.103402131016116]
      },
      "kernel_hscv": {
        "bias": [-0.0745826887328371],
        "rmse": [0.109780408511226]
      }
    },
    "size:50": {
      "eta_pob": [0.800318769132576],
      "no_param": {
        "bias": [-0.707590415711781],
        "rmse": [0.708460405042208]
      },
      "param": {
        "bias": [-0.0570315124338466],
        "rmse": [0.108260355222212]
      },
      "kernel_opt": {
        "bias": [-0.0635896751544547],
        "rmse": [0.0888458734873788]
      },
      "kernel_hscv": {
        "bias": [-0.116978999009963],
        "rmse": [0.136783424596255]
      }
    },
    "size:100": {
      "eta_pob": [0.800318769132576],
      "no_param": {
        "bias": [-0.736437037223252],
        "rmse": [0.736780132559009]
      },
      "param": {
        "bias": [-0.0450070066750895],
        "rmse": [0.0739719323114917]
      },
      "kernel_opt": {
        "bias": [-0.0745056469445701],
        "rmse": [0.0897583291604264]
      },
      "kernel_hscv": {
        "bias": [-0.175337707856337],
        "rmse": [0.190126567160592]
      }
    }
  },
  "AUC:0.9": {
    "size:20": {
      "eta_pob": [0.872659920472386],
      "no_param": {
        "bias": [-0.623092895404989],
        "rmse": [0.626096441987654]
      },
      "param": {
        "bias": [-0.0428273635089945],
        "rmse": [0.0769069966264811]
      },
      "kernel_opt": {
        "bias": [-0.17735029732776],
        "rmse": [0.214050406158877]
      },
      "kernel_hscv": {
        "bias": [-0.203696258627063],
        "rmse": [0.245160696559919]
      }
    },
    "size:50": {
      "eta_pob": [0.872659920472386],
      "no_param": {
        "bias": [-0.667621035217594],
        "rmse": [0.669770997547225]
      },
      "param": {
        "bias": [-0.033269813655603],
        "rmse": [0.0488864887530152]
      },
      "kernel_opt": {
        "bias": [-0.200168750678923],
        "rmse": [0.235248445642007]
      },
      "kernel_hscv": {
        "bias": [-0.251898272381314],
        "rmse": [0.282794147157461]
      }
    },
    "size:100": {
      "eta_pob": [0.872659920472386],
      "no_param": {
        "bias": [-0.697515636036448],
        "rmse": [0.699075870050491]
      },
      "param": {
        "bias": [-0.0256773176055887],
        "rmse": [0.0330667639774224]
      },
      "kernel_opt": {
        "bias": [-0.208237379144621],
        "rmse": [0.237244810491716]
      },
      "kernel_hscv": {
        "bias": [-0.239552958948808],
        "rmse": [0.262482205221335]
      }
    }
  }
}
