{
  "header": ["Simulacion para nueva población 3"],
  "AUC:0.6": {
    "size:20": {
      "eta_pob": [0.478365136489391],
      "no_param": {
        "bias": [-0.324372299281184],
        "rmse": [0.328697669417638]
      },
      "param": {
        "bias": [0.351044993761163],
        "rmse": [0.351450268150707]
      },
      "kernel_opt": {
        "bias": [0.00583325841014903],
        "rmse": [0.0668849303629874]
      },
      "kernel_hscv": {
        "bias": [0.00654639819999248],
        "rmse": [0.0730351722391503]
      }
    },
    "size:50": {
      "eta_pob": [0.478365136489391],
      "no_param": {
        "bias": [-0.396501285806328],
        "rmse": [0.39734907959337]
      },
      "param": {
        "bias": [0.351667870938336],
        "rmse": [0.351752832435804]
      },
      "kernel_opt": {
        "bias": [0.00214673719808917],
        "rmse": [0.0427723418093366]
      },
      "kernel_hscv": {
        "bias": [0.00275190203887238],
        "rmse": [0.046011166121194]
      }
    },
    "size:100": {
      "eta_pob": [0.478365136489391],
      "no_param": {
        "bias": [-0.432359818407841],
        "rmse": [0.432544512864294]
      },
      "param": {
        "bias": [0.351882788656101],
        "rmse": [0.351918499028019]
      },
      "kernel_opt": {
        "bias": [0.00369651840114626],
        "rmse": [0.0321640700365781]
      },
      "kernel_hscv": {
        "bias": [0.00439941355765938],
        "rmse": [0.0341914971589099]
      }
    }
  },
  "AUC:0.75": {
    "size:20": {
      "eta_pob": [0.532719946201695],
      "no_param": {
        "bias": [-0.357065639104271],
        "rmse": [0.361827837294925]
      },
      "param": {
        "bias": [0.302066176453219],
        "rmse": [0.30214480757908]
      },
      "kernel_opt": {
        "bias": [-0.00475290874919543],
        "rmse": [0.0586365781640314]
      },
      "kernel_hscv": {
        "bias": [-0.00102586321925813],
        "rmse": [0.0632118699198632]
      }
    },
    "size:50": {
      "eta_pob": [0.532719946201695],
      "no_param": {
        "bias": [-0.435346910004848],
        "rmse": [0.436477736046761]
      },
      "param": {
        "bias": [0.302316133104208],
        "rmse": [0.302341887909152]
      },
      "kernel_opt": {
        "bias": [-0.0053742680462957],
        "rmse": [0.0393709508538625]
      },
      "kernel_hscv": {
        "bias": [-0.00411309704923868],
        "rmse": [0.0419584968718524]
      }
    },
    "size:100": {
      "eta_pob": [0.532719946201695],
      "no_param": {
        "bias": [-0.47768187677853],
        "rmse": [0.47794047512153]
      },
      "param": {
        "bias": [0.302208274471147],
        "rmse": [0.30222009782988]
      },
      "kernel_opt": {
        "bias": [-0.00628548176603427],
        "rmse": [0.0297117628138461]
      },
      "kernel_hscv": {
        "bias": [-0.00520415793841977],
        "rmse": [0.0305984674823876]
      }
    }
  },
  "AUC:0.9": {
    "size:20": {
      "eta_pob": [0.645099641511236],
      "no_param": {
        "bias": [-0.396498885053369],
        "rmse": [0.403407230177802]
      },
      "param": {
        "bias": [0.191544579433123],
        "rmse": [0.192030420950635]
      },
      "kernel_opt": {
        "bias": [-0.0160569753303117],
        "rmse": [0.0580864097051007]
      },
      "kernel_hscv": {
        "bias": [-0.0125537307625604],
        "rmse": [0.0595020488030159]
      }
    },
    "size:50": {
      "eta_pob": [0.645099641511236],
      "no_param": {
        "bias": [-0.48712839535307],
        "rmse": [0.48977688714028]
      },
      "param": {
        "bias": [0.19347253282994],
        "rmse": [0.193636029716555]
      },
      "kernel_opt": {
        "bias": [-0.0172255432623184],
        "rmse": [0.0397473149516018]
      },
      "kernel_hscv": {
        "bias": [-0.0157577937836189],
        "rmse": [0.0405609786182222]
      }
    },
    "size:100": {
      "eta_pob": [0.645099641511236],
      "no_param": {
        "bias": [-0.548552402513451],
        "rmse": [0.549386641301996]
      },
      "param": {
        "bias": [0.194438590580844],
        "rmse": [0.194521147251144]
      },
      "kernel_opt": {
        "bias": [-0.0165433659996832],
        "rmse": [0.0307808438559545]
      },
      "kernel_hscv": {
        "bias": [-0.0158432709592913],
        "rmse": [0.0312142762214628]
      }
    }
  }
}
