{
  "header": ["Simulacion para nueva población 8"],
  "AUC:0.6": {
    "size:20": {
      "eta_pob": [0.175842098840759],
      "no_param": {
        "bias": [-0.0811315127903683],
        "rmse": [0.087397770575769]
      },
      "param": {
        "bias": [0.0510095687994152],
        "rmse": [0.131491127957833]
      },
      "kernel_opt": {
        "bias": [0.0738651732655685],
        "rmse": [0.187750574833798]
      },
      "kernel_hscv": {
        "bias": [0.165365917485874],
        "rmse": [0.247631078770867]
      }
    },
    "size:50": {
      "eta_pob": [0.175842098840759],
      "no_param": {
        "bias": [-0.131533871062076],
        "rmse": [0.132201100762754]
      },
      "param": {
        "bias": [0.0123033094899493],
        "rmse": [0.0735345045385948]
      },
      "kernel_opt": {
        "bias": [-0.0233252634793893],
        "rmse": [0.0990863954635891]
      },
      "kernel_hscv": {
        "bias": [0.0848775172341729],
        "rmse": [0.153342145713164]
      }
    },
    "size:100": {
      "eta_pob": [0.175842098840759],
      "no_param": {
        "bias": [-0.152519928972957],
        "rmse": [0.152606243672842]
      },
      "param": {
        "bias": [0.000815782552299943],
        "rmse": [0.0563123883076292]
      },
      "kernel_opt": {
        "bias": [-0.0654334111429777],
        "rmse": [0.0834388439453718]
      },
      "kernel_hscv": {
        "bias": [0.0457180899544082],
        "rmse": [0.0945542282311706]
      }
    }
  },
  "AUC:0.75": {
    "size:20": {
      "eta_pob": [0.387376419790278],
      "no_param": {
        "bias": [-0.261847576833875],
        "rmse": [0.265606780467742]
      },
      "param": {
        "bias": [0.0475494490903916],
        "rmse": [0.122405146593222]
      },
      "kernel_opt": {
        "bias": [0.0348877206853894],
        "rmse": [0.208295763444665]
      },
      "kernel_hscv": {
        "bias": [0.149048818992618],
        "rmse": [0.235173427805893]
      }
    },
    "size:50": {
      "eta_pob": [0.387376419790278],
      "no_param": {
        "bias": [-0.322904298223584],
        "rmse": [0.323532584016995]
      },
      "param": {
        "bias": [0.0321995512328381],
        "rmse": [0.0758848674183524]
      },
      "kernel_opt": {
        "bias": [0.0101455405851218],
        "rmse": [0.142311617483697]
      },
      "kernel_hscv": {
        "bias": [0.132983148192206],
        "rmse": [0.183402539400974]
      }
    },
    "size:100": {
      "eta_pob": [0.387376419790278],
      "no_param": {
        "bias": [-0.352656054036635],
        "rmse": [0.352752321463288]
      },
      "param": {
        "bias": [0.0237283909130328],
        "rmse": [0.0545586099671633]
      },
      "kernel_opt": {
        "bias": [-0.0210649223647293],
        "rmse": [0.0943191896088185]
      },
      "kernel_hscv": {
        "bias": [0.0917853322269114],
        "rmse": [0.124350923536655]
      }
    }
  },
  "AUC:0.9": {
    "size:20": {
      "eta_pob": [0.627741161709252],
      "no_param": {
        "bias": [-0.411339839106678],
        "rmse": [0.416907176786351]
      },
      "param": {
        "bias": [0.0227444440490677],
        "rmse": [0.0772556852747645]
      },
      "kernel_opt": {
        "bias": [0.0857362071833754],
        "rmse": [0.144074011814543]
      },
      "kernel_hscv": {
        "bias": [0.127153120036877],
        "rmse": [0.150586589670808]
      }
    },
    "size:50": {
      "eta_pob": [0.627741161709252],
      "no_param": {
        "bias": [-0.49202631650847],
        "rmse": [0.494240882803077]
      },
      "param": {
        "bias": [0.00761527124885153],
        "rmse": [0.0447976022607804]
      },
      "kernel_opt": {
        "bias": [0.0646767308537723],
        "rmse": [0.106897786407979]
      },
      "kernel_hscv": {
        "bias": [0.10986056302682],
        "rmse": [0.12322760310284]
      }
    },
    "size:100": {
      "eta_pob": [0.627741161709252],
      "no_param": {
        "bias": [-0.542743371029683],
        "rmse": [0.543379849070649]
      },
      "param": {
        "bias": [0.00575432624753669],
        "rmse": [0.0312754814707422]
      },
      "kernel_opt": {
        "bias": [0.0519572088746123],
        "rmse": [0.0824699208577062]
      },
      "kernel_hscv": {
        "bias": [0.0917233533022297],
        "rmse": [0.101926591365544]
      }
    }
  }
}
