{
  "header": ["Simulacion para nueva población 6"],
  "AUC:0.6": {
    "size:20": {
      "eta_pob": [0.566540877867009],
      "no_param": {
        "bias": [-0.372265413509505],
        "rmse": [0.37761721871957]
      },
      "param": {
        "bias": [-0.00136950937722857],
        "rmse": [0.0490026196884084]
      },
      "kernel_opt": {
        "bias": [-6.53229987959136e-05],
        "rmse": [0.0634317795986662]
      },
      "kernel_hscv": {
        "bias": [-0.0207838259487819],
        "rmse": [0.0617307418628045]
      }
    },
    "size:50": {
      "eta_pob": [0.566540877867009],
      "no_param": {
        "bias": [-0.455175747680716],
        "rmse": [0.456646714249682]
      },
      "param": {
        "bias": [-0.00158512554724766],
        "rmse": [0.0281665011880878]
      },
      "kernel_opt": {
        "bias": [-0.00507440925627833],
        "rmse": [0.0401543186394834]
      },
      "kernel_hscv": {
        "bias": [-0.0268397643432419],
        "rmse": [0.0453770341468215]
      }
    },
    "size:100": {
      "eta_pob": [0.566540877867009],
      "no_param": {
        "bias": [-0.501577462168478],
        "rmse": [0.50195280476831]
      },
      "param": {
        "bias": [0.000516081659748147],
        "rmse": [0.0201254698969334]
      },
      "kernel_opt": {
        "bias": [-0.00646792359391835],
        "rmse": [0.0301307776587335]
      },
      "kernel_hscv": {
        "bias": [-0.0219317824047072],
        "rmse": [0.0357264172709993]
      }
    }
  },
  "AUC:0.75": {
    "size:20": {
      "eta_pob": [0.602284523964764],
      "no_param": {
        "bias": [-0.386074231608804],
        "rmse": [0.391709979779246]
      },
      "param": {
        "bias": [0.00340262155116111],
        "rmse": [0.0468354201577128]
      },
      "kernel_opt": {
        "bias": [-0.0428231095954216],
        "rmse": [0.0698264741545547]
      },
      "kernel_hscv": {
        "bias": [-0.0256538094953822],
        "rmse": [0.0704006227755581]
      }
    },
    "size:50": {
      "eta_pob": [0.602284523964764],
      "no_param": {
        "bias": [-0.472781348305266],
        "rmse": [0.474659195965438]
      },
      "param": {
        "bias": [0.000207920743393819],
        "rmse": [0.0282210147693906]
      },
      "kernel_opt": {
        "bias": [-0.046609921391923],
        "rmse": [0.0561891571946829]
      },
      "kernel_hscv": {
        "bias": [-0.0223070840783872],
        "rmse": [0.0498504100078332]
      }
    },
    "size:100": {
      "eta_pob": [0.602284523964764],
      "no_param": {
        "bias": [-0.525807717194903],
        "rmse": [0.526326227416832]
      },
      "param": {
        "bias": [-0.00061939906837305],
        "rmse": [0.0194561437871749]
      },
      "kernel_opt": {
        "bias": [-0.0474509939304666],
        "rmse": [0.0523227886088313]
      },
      "kernel_hscv": {
        "bias": [-0.0186166294189609],
        "rmse": [0.0372483772551246]
      }
    }
  },
  "AUC:0.9": {
    "size:20": {
      "eta_pob": [0.681977289776767],
      "no_param": {
        "bias": [-0.399948527402427],
        "rmse": [0.406744174891271]
      },
      "param": {
        "bias": [0.0154624144123486],
        "rmse": [0.04919678877288]
      },
      "kernel_opt": {
        "bias": [-0.0172934616357316],
        "rmse": [0.0855178707320367]
      },
      "kernel_hscv": {
        "bias": [0.0254697832207291],
        "rmse": [0.0901911931278025]
      }
    },
    "size:50": {
      "eta_pob": [0.681977289776767],
      "no_param": {
        "bias": [-0.48926176967652],
        "rmse": [0.492877616264477]
      },
      "param": {
        "bias": [0.00569330257081979],
        "rmse": [0.0269123808323668]
      },
      "kernel_opt": {
        "bias": [-0.0280313651761849],
        "rmse": [0.0567537415266044]
      },
      "kernel_hscv": {
        "bias": [0.0136343665313896],
        "rmse": [0.0575906618785969]
      }
    },
    "size:100": {
      "eta_pob": [0.681977289776767],
      "no_param": {
        "bias": [-0.557187157512046],
        "rmse": [0.558591845024825]
      },
      "param": {
        "bias": [0.00219031474424636],
        "rmse": [0.0181156450732133]
      },
      "kernel_opt": {
        "bias": [-0.0274297010175245],
        "rmse": [0.0428572705090526]
      },
      "kernel_hscv": {
        "bias": [0.00504445155731537],
        "rmse": [0.0387299386325173]
      }
    }
  }
}
