{
  "header": ["Simulacion para nueva población 1 Tamaño Mc:  1000"],
  "AUC:0.6": {
    "size:20": {
      "eta_pob": [0.113733200601803],
      "no_param": {
        "bias": [-0.029350536131713],
        "rmse": [0.0429793787834745]
      },
      "param": {
        "bias": [0.1472900653675],
        "rmse": [0.251156664130584]
      },
      "kernel_opt": {
        "bias": [0.136034827407736],
        "rmse": [0.217007879281536]
      },
      "kernel_hscv": {
        "bias": [0.140724567161304],
        "rmse": [0.223568529633471]
      }
    },
    "size:50": {
      "eta_pob": [0.113733200601803],
      "no_param": {
        "bias": [-0.0740037434246877],
        "rmse": [0.0747928207552478]
      },
      "param": {
        "bias": [0.0659099972439023],
        "rmse": [0.148243975281773]
      },
      "kernel_opt": {
        "bias": [0.0916575647320769],
        "rmse": [0.157025619940153]
      },
      "kernel_hscv": {
        "bias": [0.09322636482635],
        "rmse": [0.160070654427523]
      }
    },
    "size:100": {
      "eta_pob": [0.113733200601803],
      "no_param": {
        "bias": [-0.0925087742737725],
        "rmse": [0.0926228023804319]
      },
      "param": {
        "bias": [0.0319190192553411],
        "rmse": [0.0940906708500157]
      },
      "kernel_opt": {
        "bias": [0.057767373810304],
        "rmse": [0.112063603361741]
      },
      "kernel_hscv": {
        "bias": [0.0586994554477516],
        "rmse": [0.113027593473476]
      }
    }
  },
  "AUC:0.75": {
    "size:20": {
      "eta_pob": [0.475577645650181],
      "no_param": {
        "bias": [-0.358489682097142],
        "rmse": [0.361249970846893]
      },
      "param": {
        "bias": [0.0236139219567205],
        "rmse": [0.185357880647063]
      },
      "kernel_opt": {
        "bias": [-0.0154091363468035],
        "rmse": [0.16663413216995]
      },
      "kernel_hscv": {
        "bias": [-0.0134449375114389],
        "rmse": [0.171063070570743]
      }
    },
    "size:50": {
      "eta_pob": [0.475577645650181],
      "no_param": {
        "bias": [-0.410344228644085],
        "rmse": [0.411007377913089]
      },
      "param": {
        "bias": [0.0105475516853679],
        "rmse": [0.133431442715467]
      },
      "kernel_opt": {
        "bias": [0.00138968546902535],
        "rmse": [0.128277257699793]
      },
      "kernel_hscv": {
        "bias": [0.00140558587992812],
        "rmse": [0.130466744254207]
      }
    },
    "size:100": {
      "eta_pob": [0.475577645650181],
      "no_param": {
        "bias": [-0.43888165788449],
        "rmse": [0.439022713119987]
      },
      "param": {
        "bias": [0.0031095222992677],
        "rmse": [0.0984018124434473]
      },
      "kernel_opt": {
        "bias": [-0.0040298883390219],
        "rmse": [0.0977664995576345]
      },
      "kernel_hscv": {
        "bias": [-0.00521663323901816],
        "rmse": [0.0986549500267652]
      }
    }
  },
  "AUC:0.9": {
    "size:20": {
      "eta_pob": [0.75911662091021],
      "no_param": {
        "bias": [-0.540544083014533],
        "rmse": [0.54443998566001]
      },
      "param": {
        "bias": [-0.0161914631539548],
        "rmse": [0.0970081914137714]
      },
      "kernel_opt": {
        "bias": [-0.0752026683582112],
        "rmse": [0.121163494387653]
      },
      "kernel_hscv": {
        "bias": [-0.081080816992337],
        "rmse": [0.126284792658682]
      }
    },
    "size:50": {
      "eta_pob": [0.75911662091021],
      "no_param": {
        "bias": [-0.60672782726206],
        "rmse": [0.608844493246721]
      },
      "param": {
        "bias": [-0.016105701868227],
        "rmse": [0.0664642622933067]
      },
      "kernel_opt": {
        "bias": [-0.0572195574497428],
        "rmse": [0.087919999700899]
      },
      "kernel_hscv": {
        "bias": [-0.0618794565045164],
        "rmse": [0.0916949099215387]
      }
    },
    "size:100": {
      "eta_pob": [0.75911662091021],
      "no_param": {
        "bias": [-0.646382217813459],
        "rmse": [0.647589658632634]
      },
      "param": {
        "bias": [-0.0119463515566045],
        "rmse": [0.0483910232341416]
      },
      "kernel_opt": {
        "bias": [-0.0472288825802147],
        "rmse": [0.070178117162351]
      },
      "kernel_hscv": {
        "bias": [-0.051412728245255],
        "rmse": [0.0732238272844408]
      }
    }
  }
}
