{
  "header": ["Simulacion para nueva población 6 Tamaño Mc:  1000"],
  "AUC:0.6": {
    "size:20": {
      "eta_pob": [0.566540877867009],
      "no_param": {
        "bias": [-0.372265413509505],
        "rmse": [0.37761721871957]
      },
      "param": {
        "bias": [-0.00136950937722857],
        "rmse": [0.0490026196884084]
      },
      "kernel_opt": {
        "bias": [-0.149431988005479],
        "rmse": [0.158238242814173]
      },
      "kernel_hscv": {
        "bias": [-0.0649232611628339],
        "rmse": [0.0920843193999667]
      }
    },
    "size:50": {
      "eta_pob": [0.566540877867009],
      "no_param": {
        "bias": [-0.455175747680716],
        "rmse": [0.456646714249682]
      },
      "param": {
        "bias": [-0.00158512554724766],
        "rmse": [0.0281665011880878]
      },
      "kernel_opt": {
        "bias": [-0.125676174396461],
        "rmse": [0.131016123106269]
      },
      "kernel_hscv": {
        "bias": [-0.0416220981365405],
        "rmse": [0.0616869662917637]
      }
    },
    "size:100": {
      "eta_pob": [0.566540877867009],
      "no_param": {
        "bias": [-0.501577462168478],
        "rmse": [0.50195280476831]
      },
      "param": {
        "bias": [0.000516081659748147],
        "rmse": [0.0201254698969334]
      },
      "kernel_opt": {
        "bias": [-0.104084155918777],
        "rmse": [0.107675712996669]
      },
      "kernel_hscv": {
        "bias": [-0.0257840664419667],
        "rmse": [0.0431777167912602]
      }
    }
  },
  "AUC:0.75": {
    "size:20": {
      "eta_pob": [0.602284523964764],
      "no_param": {
        "bias": [-0.386074231608804],
        "rmse": [0.391709979779246]
      },
      "param": {
        "bias": [0.00340262155116111],
        "rmse": [0.0468354201577128]
      },
      "kernel_opt": {
        "bias": [-0.143809241689345],
        "rmse": [0.153358654328586]
      },
      "kernel_hscv": {
        "bias": [-0.0598916942542386],
        "rmse": [0.0861285998077448]
      }
    },
    "size:50": {
      "eta_pob": [0.602284523964764],
      "no_param": {
        "bias": [-0.472781348305266],
        "rmse": [0.474659195965438]
      },
      "param": {
        "bias": [0.000207920743393819],
        "rmse": [0.0282210147693906]
      },
      "kernel_opt": {
        "bias": [-0.11921015045591],
        "rmse": [0.124380258699921]
      },
      "kernel_hscv": {
        "bias": [-0.0359746758630025],
        "rmse": [0.0570677439302999]
      }
    },
    "size:100": {
      "eta_pob": [0.602284523964764],
      "no_param": {
        "bias": [-0.525807717194903],
        "rmse": [0.526326227416832]
      },
      "param": {
        "bias": [-0.00061939906837305],
        "rmse": [0.0194561437871749]
      },
      "kernel_opt": {
        "bias": [-0.101401525903381],
        "rmse": [0.104528902389189]
      },
      "kernel_hscv": {
        "bias": [-0.0252681326890728],
        "rmse": [0.0412508093184752]
      }
    }
  },
  "AUC:0.9": {
    "size:20": {
      "eta_pob": [0.681977289776767],
      "no_param": {
        "bias": [-0.399948527402427],
        "rmse": [0.406744174891271]
      },
      "param": {
        "bias": [0.0154624144123486],
        "rmse": [0.04919678877288]
      },
      "kernel_opt": {
        "bias": [-0.115213761230342],
        "rmse": [0.133997445509026]
      },
      "kernel_hscv": {
        "bias": [-0.0392364580750746],
        "rmse": [0.079051295127829]
      }
    },
    "size:50": {
      "eta_pob": [0.681977289776767],
      "no_param": {
        "bias": [-0.48926176967652],
        "rmse": [0.492877616264477]
      },
      "param": {
        "bias": [0.00569330257081979],
        "rmse": [0.0269123808323668]
      },
      "kernel_opt": {
        "bias": [-0.0991036781929086],
        "rmse": [0.107355446064851]
      },
      "kernel_hscv": {
        "bias": [-0.0240314347607932],
        "rmse": [0.0497166515551994]
      }
    },
    "size:100": {
      "eta_pob": [0.681977289776767],
      "no_param": {
        "bias": [-0.557187157512046],
        "rmse": [0.558591845024825]
      },
      "param": {
        "bias": [0.00219031474424636],
        "rmse": [0.0181156450732133]
      },
      "kernel_opt": {
        "bias": [-0.0863321054370381],
        "rmse": [0.0906141840053463]
      },
      "kernel_hscv": {
        "bias": [-0.017987896588006],
        "rmse": [0.0355604026600774]
      }
    }
  }
}
