{
  "header": ["Simulacion para nueva población 3 Tamaño Mc:  1000"],
  "AUC:0.6": {
    "size:20": {
      "eta_pob": [0.478365136489391],
      "no_param": {
        "bias": [-0.324372299281184],
        "rmse": [0.328697669417638]
      },
      "param": {
        "bias": [0.00361777940291214],
        "rmse": [0.0626367404853092]
      },
      "kernel_opt": {
        "bias": [-0.108481153415739],
        "rmse": [0.127840290773647]
      },
      "kernel_hscv": {
        "bias": [-0.0570725028427719],
        "rmse": [0.097989249236803]
      }
    },
    "size:50": {
      "eta_pob": [0.478365136489391],
      "no_param": {
        "bias": [-0.396501285806328],
        "rmse": [0.39734907959337]
      },
      "param": {
        "bias": [-2.79602875782325e-05],
        "rmse": [0.0374469237910615]
      },
      "kernel_opt": {
        "bias": [-0.0906754947306586],
        "rmse": [0.101643613197057]
      },
      "kernel_hscv": {
        "bias": [-0.0409385384388699],
        "rmse": [0.0673627296087057]
      }
    },
    "size:100": {
      "eta_pob": [0.478365136489391],
      "no_param": {
        "bias": [-0.432359818407841],
        "rmse": [0.432544512864294]
      },
      "param": {
        "bias": [0.00147712086033164],
        "rmse": [0.0269745725376616]
      },
      "kernel_opt": {
        "bias": [-0.0726898300788816],
        "rmse": [0.0804069293572651]
      },
      "kernel_hscv": {
        "bias": [-0.0265592527082787],
        "rmse": [0.0482935768537919]
      }
    }
  },
  "AUC:0.75": {
    "size:20": {
      "eta_pob": [0.532719946201695],
      "no_param": {
        "bias": [-0.357065639104271],
        "rmse": [0.361827837294925]
      },
      "param": {
        "bias": [0.0087268761691881],
        "rmse": [0.0534141063655991]
      },
      "kernel_opt": {
        "bias": [-0.103713322620507],
        "rmse": [0.125292638582194]
      },
      "kernel_hscv": {
        "bias": [-0.0494777172009919],
        "rmse": [0.0909611726655891]
      }
    },
    "size:50": {
      "eta_pob": [0.532719946201695],
      "no_param": {
        "bias": [-0.435346910004848],
        "rmse": [0.436477736046761]
      },
      "param": {
        "bias": [0.00339146372232979],
        "rmse": [0.0319904991199921]
      },
      "kernel_opt": {
        "bias": [-0.085217283869892],
        "rmse": [0.0974805592318901]
      },
      "kernel_hscv": {
        "bias": [-0.033027674391507],
        "rmse": [0.0612087386938101]
      }
    },
    "size:100": {
      "eta_pob": [0.532719946201695],
      "no_param": {
        "bias": [-0.47768187677853],
        "rmse": [0.47794047512153]
      },
      "param": {
        "bias": [-0.000256239477009035],
        "rmse": [0.0228291286707128]
      },
      "kernel_opt": {
        "bias": [-0.0714492352996411],
        "rmse": [0.0791245003131318]
      },
      "kernel_hscv": {
        "bias": [-0.025350320472697],
        "rmse": [0.0457134415367687]
      }
    }
  },
  "AUC:0.9": {
    "size:20": {
      "eta_pob": [0.645099641511236],
      "no_param": {
        "bias": [-0.396498885053369],
        "rmse": [0.403407230177802]
      },
      "param": {
        "bias": [0.0129617645884504],
        "rmse": [0.05487823120479]
      },
      "kernel_opt": {
        "bias": [-0.0825137264933689],
        "rmse": [0.109676290829504]
      },
      "kernel_hscv": {
        "bias": [-0.0246996694383117],
        "rmse": [0.0814490442058695]
      }
    },
    "size:50": {
      "eta_pob": [0.645099641511236],
      "no_param": {
        "bias": [-0.48712839535307],
        "rmse": [0.48977688714028]
      },
      "param": {
        "bias": [0.004421437707675],
        "rmse": [0.0327159912813285]
      },
      "kernel_opt": {
        "bias": [-0.0692861968616072],
        "rmse": [0.083097300869698]
      },
      "kernel_hscv": {
        "bias": [-0.0173894829337562],
        "rmse": [0.0531482387739341]
      }
    },
    "size:100": {
      "eta_pob": [0.645099641511236],
      "no_param": {
        "bias": [-0.548552402513451],
        "rmse": [0.549386641301996]
      },
      "param": {
        "bias": [0.00191359952151415],
        "rmse": [0.0223339700533848]
      },
      "kernel_opt": {
        "bias": [-0.0600935433578004],
        "rmse": [0.0680442883152739]
      },
      "kernel_hscv": {
        "bias": [-0.0153020558196197],
        "rmse": [0.0375847302317921]
      }
    }
  }
}
