{
  "header": ["Simulacion para nueva población 8 Tamaño Mc:  1000"],
  "AUC:0.6": {
    "size:20": {
      "eta_pob": [0.175842098840759],
      "no_param": {
        "bias": [-0.0811315127903683],
        "rmse": [0.087397770575769]
      },
      "param": {
        "bias": [0.0510095687994152],
        "rmse": [0.131491127957833]
      },
      "kernel_opt": {
        "bias": [0.0674154560642551],
        "rmse": [0.1823282482046]
      },
      "kernel_hscv": {
        "bias": [0.191785272688285],
        "rmse": [0.262299582122199]
      }
    },
    "size:50": {
      "eta_pob": [0.175842098840759],
      "no_param": {
        "bias": [-0.131533871062076],
        "rmse": [0.132201100762754]
      },
      "param": {
        "bias": [0.0123033094899493],
        "rmse": [0.0735345045385948]
      },
      "kernel_opt": {
        "bias": [-0.00707480251634321],
        "rmse": [0.102911352268304]
      },
      "kernel_hscv": {
        "bias": [0.119774471286473],
        "rmse": [0.173046878154049]
      }
    },
    "size:100": {
      "eta_pob": [0.175842098840759],
      "no_param": {
        "bias": [-0.152519928972957],
        "rmse": [0.152606243672842]
      },
      "param": {
        "bias": [0.000815782552299943],
        "rmse": [0.0563123883076292]
      },
      "kernel_opt": {
        "bias": [-0.043715386944304],
        "rmse": [0.0744882446306996]
      },
      "kernel_hscv": {
        "bias": [0.0735390700492873],
        "rmse": [0.109032569671193]
      }
    }
  },
  "AUC:0.75": {
    "size:20": {
      "eta_pob": [0.387376419790278],
      "no_param": {
        "bias": [-0.261847576833875],
        "rmse": [0.265606780467742]
      },
      "param": {
        "bias": [0.0475494490903916],
        "rmse": [0.122405146593222]
      },
      "kernel_opt": {
        "bias": [0.0473846160316926],
        "rmse": [0.185677001102624]
      },
      "kernel_hscv": {
        "bias": [0.136104943393556],
        "rmse": [0.214614794986159]
      }
    },
    "size:50": {
      "eta_pob": [0.387376419790278],
      "no_param": {
        "bias": [-0.322904298223584],
        "rmse": [0.323532584016995]
      },
      "param": {
        "bias": [0.0321995512328381],
        "rmse": [0.0758848674183524]
      },
      "kernel_opt": {
        "bias": [0.0225947176146332],
        "rmse": [0.124997067869622]
      },
      "kernel_hscv": {
        "bias": [0.115612051482538],
        "rmse": [0.166834628948278]
      }
    },
    "size:100": {
      "eta_pob": [0.387376419790278],
      "no_param": {
        "bias": [-0.352656054036635],
        "rmse": [0.352752321463288]
      },
      "param": {
        "bias": [0.0237283909130328],
        "rmse": [0.0545586099671633]
      },
      "kernel_opt": {
        "bias": [-0.00778665755569896],
        "rmse": [0.0806262641131935]
      },
      "kernel_hscv": {
        "bias": [0.0780113861671881],
        "rmse": [0.111571630180844]
      }
    }
  },
  "AUC:0.9": {
    "size:20": {
      "eta_pob": [0.627741161709252],
      "no_param": {
        "bias": [-0.411339839106678],
        "rmse": [0.416907176786351]
      },
      "param": {
        "bias": [0.0227444440490677],
        "rmse": [0.0772556852747645]
      },
      "kernel_opt": {
        "bias": [0.0551673392004195],
        "rmse": [0.121960675794055]
      },
      "kernel_hscv": {
        "bias": [0.0917148178861869],
        "rmse": [0.135239235592404]
      }
    },
    "size:50": {
      "eta_pob": [0.627741161709252],
      "no_param": {
        "bias": [-0.49202631650847],
        "rmse": [0.494240882803077]
      },
      "param": {
        "bias": [0.00761527124885153],
        "rmse": [0.0447976022607804]
      },
      "kernel_opt": {
        "bias": [0.0370103819449255],
        "rmse": [0.0862717001605853]
      },
      "kernel_hscv": {
        "bias": [0.0800800402245457],
        "rmse": [0.106982090654882]
      }
    },
    "size:100": {
      "eta_pob": [0.627741161709252],
      "no_param": {
        "bias": [-0.542743371029683],
        "rmse": [0.543379849070649]
      },
      "param": {
        "bias": [0.00575432624753669],
        "rmse": [0.0312754814707422]
      },
      "kernel_opt": {
        "bias": [0.0297502707212439],
        "rmse": [0.0669565398998442]
      },
      "kernel_hscv": {
        "bias": [0.0702827033101439],
        "rmse": [0.0887923051698803]
      }
    }
  }
}
