{
  "header": ["Simulación de la tabla 3 de Faraggi"],
  "AUC:0.7": {
    "size:20": {
      "bias": [0.0971982472909644],
      "rmse": [0.160671305511188]
    },
    "size:50": {
      "bias": [0.128960138615705],
      "rmse": [0.134600392023647]
    },
    "size:100": {
      "bias": [0.134267867099034],
      "rmse": [0.1346327984944]
    }
  },
  "AUC:0.8": {
    "size:20": {
      "bias": [0.0564657984612533],
      "rmse": [0.0712276912588866]
    },
    "size:50": {
      "bias": [0.0628480187165945],
      "rmse": [0.0629353004205403]
    },
    "size:100": {
      "bias": [0.0633680929353088],
      "rmse": [0.0633800512658575]
    }
  },
  "AUC:0.9": {
    "size:20": {
      "bias": [0.0294945531466748],
      "rmse": [0.0300525353584295]
    },
    "size:50": {
      "bias": [0.02998095829485],
      "rmse": [0.0299825067272686]
    },
    "size:100": {
      "bias": [0.0300360790793028],
      "rmse": [0.0300364202438855]
    }
  }
}
