{
  "header": ["Simulación de la tabla 4 de Faraggi"],
  "AUC:0.7": {
    "size:20": {
      "bias": [0.0384708326978748],
      "rmse": [0.238073455448829]
    },
    "size:50": {
      "bias": [-0.0604235293483353],
      "rmse": [0.153315193819184]
    },
    "size:100": {
      "bias": [-0.0983917840043473],
      "rmse": [0.126619989670706]
    }
  },
  "AUC:0.8": {
    "size:20": {
      "bias": [0.077055443588521],
      "rmse": [0.259355803459944]
    },
    "size:50": {
      "bias": [0.0361773860231593],
      "rmse": [0.210212391473564]
    },
    "size:100": {
      "bias": [0.00154800013744805],
      "rmse": [0.164851448672094]
    }
  },
  "AUC:0.9": {
    "size:20": {
      "bias": [0.103699852641277],
      "rmse": [0.179679008157902]
    },
    "size:50": {
      "bias": [0.120117548797688],
      "rmse": [0.161813373100298]
    },
    "size:100": {
      "bias": [0.136343440115123],
      "rmse": [0.155857255696055]
    }
  }
}
