{
  "header": ["Simulación de la tabla 2 de Faraggi"],
  "AUC:0.6": {
    "size:20": {
      "bias": [-0.0986414963816269],
      "rmse": [0.217120094430751]
    },
    "size:50": {
      "bias": [-0.0782526787655594],
      "rmse": [0.155895177598464]
    },
    "size:100": {
      "bias": [-0.0699279217144728],
      "rmse": [0.115645007330308]
    }
  },
  "AUC:0.75": {
    "size:20": {
      "bias": [-0.0695301616679376],
      "rmse": [0.135656226703896]
    },
    "size:50": {
      "bias": [-0.0454184969330348],
      "rmse": [0.0726088406679337]
    },
    "size:100": {
      "bias": [-0.037837239787091],
      "rmse": [0.0501479950062952]
    }
  },
  "AUC:0.9": {
    "size:20": {
      "bias": [-0.0300100657272604],
      "rmse": [0.0474535024863161]
    },
    "size:50": {
      "bias": [-0.0258287872324765],
      "rmse": [0.0306114611938507]
    },
    "size:100": {
      "bias": [-0.0237327764660319],
      "rmse": [0.0257811466454288]
    }
  }
}
