{
  "header": ["Simulación de la tabla 3 de Faraggi"],
  "AUC:0.6": {
    "size:20": {
      "bias": [-0.035576686532043],
      "rmse": [0.197811701741181]
    },
    "size:50": {
      "bias": [0.0104040755990488],
      "rmse": [0.109048101519129]
    },
    "size:100": {
      "bias": [0.0233321209331978],
      "rmse": [0.0697355512968972]
    }
  },
  "AUC:0.75": {
    "size:20": {
      "bias": [-0.00548152294404158],
      "rmse": [0.0782320697051294]
    },
    "size:50": {
      "bias": [0.011134220998592],
      "rmse": [0.027726399979382]
    },
    "size:100": {
      "bias": [0.0143785138089533],
      "rmse": [0.0201778553195209]
    }
  },
  "AUC:0.9": {
    "size:20": {
      "bias": [-0.00975510543492963],
      "rmse": [0.0161753418077434]
    },
    "size:50": {
      "bias": [-0.00786464617620075],
      "rmse": [0.00884831420372658]
    },
    "size:100": {
      "bias": [-0.00717523471736814],
      "rmse": [0.00756273646963618]
    }
  }
}
