{
  "header": ["Simulación de la tabla 4 de Faraggi"],
  "AUC:0.6": {
    "size:20": {
      "bias": [0.026209826819066],
      "rmse": [0.143450631717315]
    },
    "size:50": {
      "bias": [-0.0259328069282824],
      "rmse": [0.0840344411468974]
    },
    "size:100": {
      "bias": [-0.0305394943017141],
      "rmse": [0.070405200342654]
    }
  },
  "AUC:0.75": {
    "size:20": {
      "bias": [0.0336857830208858],
      "rmse": [0.191221310670399]
    },
    "size:50": {
      "bias": [-0.0222521436121673],
      "rmse": [0.1368705365239]
    },
    "size:100": {
      "bias": [-0.0581627898340074],
      "rmse": [0.10893152526567]
    }
  },
  "AUC:0.9": {
    "size:20": {
      "bias": [0.130312394559533],
      "rmse": [0.190842915732007]
    },
    "size:50": {
      "bias": [0.132294108057398],
      "rmse": [0.170085203205023]
    },
    "size:100": {
      "bias": [0.139767879438234],
      "rmse": [0.161074511951103]
    }
  }
}
