{
  "header": ["Simulación de la tabla 7 de Faraggi"],
  "AUC:0.7": {
    "size:20": {
      "bias": [-0.0586100444018387],
      "rmse": [0.257425566274947]
    },
    "size:50": {
      "bias": [-0.00502046626143482],
      "rmse": [0.15894907408742]
    },
    "size:100": {
      "bias": [0.0164717470873222],
      "rmse": [0.105358239373145]
    }
  },
  "AUC:0.8": {
    "size:20": {
      "bias": [0.0187736663453129],
      "rmse": [0.138850936784535]
    },
    "size:50": {
      "bias": [0.0544485192215928],
      "rmse": [0.0801945173795281]
    },
    "size:100": {
      "bias": [0.064525171011054],
      "rmse": [0.0713016462061051]
    }
  },
  "AUC:0.9": {
    "size:20": {
      "bias": [0.0674400738996389],
      "rmse": [0.087009085735141]
    },
    "size:50": {
      "bias": [0.080657350885726],
      "rmse": [0.0820818152907598]
    },
    "size:100": {
      "bias": [0.0832161099723479],
      "rmse": [0.0834651587959232]
    }
  }
}
