{
  "header": ["Simulación de la tabla 8 de Faraggi"],
  "AUC:0.6": {
    "size:20": {
      "bias": [-0.299032595787902],
      "rmse": [0.379718528532705]
    },
    "size:50": {
      "bias": [-0.286232795850091],
      "rmse": [0.33546863902211]
    },
    "size:100": {
      "bias": [-0.277201611545548],
      "rmse": [0.306218424126955]
    }
  },
  "AUC:0.75": {
    "size:20": {
      "bias": [-0.14213848890598],
      "rmse": [0.196114890197012]
    },
    "size:50": {
      "bias": [-0.115937465068464],
      "rmse": [0.134936852392375]
    },
    "size:100": {
      "bias": [-0.10864501707562],
      "rmse": [0.117076528738975]
    }
  },
  "AUC:0.9": {
    "size:20": {
      "bias": [-0.0654679196462903],
      "rmse": [0.0866550347632523]
    },
    "size:50": {
      "bias": [-0.0549940103656528],
      "rmse": [0.060653869304327]
    },
    "size:100": {
      "bias": [-0.0525841927659707],
      "rmse": [0.0550564786389408]
    }
  }
}
