{
  "header": ["Simulación de la tabla 6 de Faraggi"],
  "AUC:0.6": {
    "size:20": {
      "bias": [-0.0502916671190924],
      "rmse": [0.074182588087233]
    },
    "size:50": {
      "bias": [-0.041039977732001],
      "rmse": [0.0455134701596392]
    },
    "size:100": {
      "bias": [-0.0383183183702195],
      "rmse": [0.0402006402985733]
    }
  },
  "AUC:0.75": {
    "size:20": {
      "bias": [-0.0358819305313238],
      "rmse": [0.0497738224006121]
    },
    "size:50": {
      "bias": [-0.0303576963724098],
      "rmse": [0.0321171508818029]
    },
    "size:100": {
      "bias": [-0.0288797345716184],
      "rmse": [0.0296279308468428]
    }
  },
  "AUC:0.9": {
    "size:20": {
      "bias": [-0.0232546203256228],
      "rmse": [0.0261790962176701]
    },
    "size:50": {
      "bias": [-0.0211416577078657],
      "rmse": [0.0216037820244184]
    },
    "size:100": {
      "bias": [-0.020444655634679],
      "rmse": [0.0206463742644419]
    }
  }
}
