{
  "header": ["Simulación de la tabla 7 de Faraggi"],
  "AUC:0.6": {
    "size:20": {
      "bias": [-0.0285796786092073],
      "rmse": [0.0293994160878964]
    },
    "size:50": {
      "bias": [-0.0274458582835589],
      "rmse": [0.0276735737646967]
    },
    "size:100": {
      "bias": [-0.0269784010011184],
      "rmse": [0.027089349129698]
    }
  },
  "AUC:0.75": {
    "size:20": {
      "bias": [-0.0167261314421744],
      "rmse": [0.0172197394706469]
    },
    "size:50": {
      "bias": [-0.015826274176853],
      "rmse": [0.0159600032477456]
    },
    "size:100": {
      "bias": [-0.0154929783795372],
      "rmse": [0.0155598145660305]
    }
  },
  "AUC:0.9": {
    "size:20": {
      "bias": [-0.00153479722013905],
      "rmse": [0.00312634579228537]
    },
    "size:50": {
      "bias": [-0.000756837473265382],
      "rmse": [0.00163420408236124]
    },
    "size:100": {
      "bias": [-0.000515938935188087],
      "rmse": [0.00115817512528735]
    }
  }
}
