{
  "header": ["Simulación de la tabla 1 de Faraggi"],
  "AUC:0.6": {
    "size:20": {
      "bias": [0.140828431480006],
      "rmse": [0.242571652498778]
    },
    "size:50": {
      "bias": [0.0621169812452142],
      "rmse": [0.140612611055038]
    },
    "size:100": {
      "bias": [0.0383561229947368],
      "rmse": [0.105242422425688]
    }
  },
  "AUC:0.75": {
    "size:20": {
      "bias": [0.0300455816962299],
      "rmse": [0.187259938569741]
    },
    "size:50": {
      "bias": [0.0196564239972504],
      "rmse": [0.135616331403272]
    },
    "size:100": {
      "bias": [0.00546695494220872],
      "rmse": [0.10228182345683]
    }
  },
  "AUC:0.9": {
    "size:20": {
      "bias": [-0.0125812091036925],
      "rmse": [0.0971026106971052]
    },
    "size:50": {
      "bias": [-0.00439214247956865],
      "rmse": [0.0669228672522498]
    },
    "size:100": {
      "bias": [-0.00313648687507562],
      "rmse": [0.0503467259937336]
    }
  }
}
