{
  "header": ["Simulación de la tabla 7 de Faraggi"],
  "AUC:0.6": {
    "size:20": {
      "bias": [-0.296721832224819],
      "rmse": [0.385994288289506]
    },
    "size:50": {
      "bias": [-0.292157915343487],
      "rmse": [0.349032780323392]
    },
    "size:100": {
      "bias": [-0.28768479527417],
      "rmse": [0.322871026127274]
    }
  },
  "AUC:0.75": {
    "size:20": {
      "bias": [-0.160488889735195],
      "rmse": [0.22740436358338]
    },
    "size:50": {
      "bias": [-0.131226151101121],
      "rmse": [0.159299163416646]
    },
    "size:100": {
      "bias": [-0.122436961260255],
      "rmse": [0.135841403221921]
    }
  },
  "AUC:0.9": {
    "size:20": {
      "bias": [-0.0705457467807921],
      "rmse": [0.097025842485244]
    },
    "size:50": {
      "bias": [-0.0582012282526781],
      "rmse": [0.0661648565041616]
    },
    "size:100": {
      "bias": [-0.055327009273098],
      "rmse": [0.0588446238866859]
    }
  }
}
