{
  "header": ["Simulación de la tabla 6 de Faraggi"],
  "AUC:0.7": {
    "size:20": {
      "bias": [0.139761472038161],
      "rmse": [0.144394416298955]
    },
    "size:50": {
      "bias": [0.144530422012457],
      "rmse": [0.144560677152494]
    },
    "size:100": {
      "bias": [0.145000333969865],
      "rmse": [0.145006389092397]
    }
  },
  "AUC:0.8": {
    "size:20": {
      "bias": [0.154137718380568],
      "rmse": [0.155264241230957]
    },
    "size:50": {
      "bias": [0.155848395019634],
      "rmse": [0.155851849450142]
    },
    "size:100": {
      "bias": [0.15602057953432],
      "rmse": [0.156021449708899]
    }
  },
  "AUC:0.9": {
    "size:20": {
      "bias": [0.140147576558747],
      "rmse": [0.14023593540415]
    },
    "size:50": {
      "bias": [0.14057252727141],
      "rmse": [0.140572931922054]
    },
    "size:100": {
      "bias": [0.140631813054274],
      "rmse": [0.140631940531204]
    }
  }
}
