{
  "header": ["Simulación de la tabla 7 de Faraggi"],
  "AUC:0.7": {
    "size:20": {
      "bias": [0.687736384683815],
      "rmse": [0.687736550130641]
    },
    "size:50": {
      "bias": [0.687835404246233],
      "rmse": [0.687835426858706]
    },
    "size:100": {
      "bias": [0.687865544734271],
      "rmse": [0.687865554821492]
    }
  },
  "AUC:0.8": {
    "size:20": {
      "bias": [0.740892123529861],
      "rmse": [0.740892170176821]
    },
    "size:50": {
      "bias": [0.740959622189766],
      "rmse": [0.740959630408462]
    },
    "size:100": {
      "bias": [0.740980318396536],
      "rmse": [0.740980322306718]
    }
  },
  "AUC:0.9": {
    "size:20": {
      "bias": [0.462066689019978],
      "rmse": [0.462066719411347]
    },
    "size:50": {
      "bias": [0.462118944000955],
      "rmse": [0.462118951226825]
    },
    "size:100": {
      "bias": [0.462133819379725],
      "rmse": [0.462133823008248]
    }
  }
}
