{
  "header": ["Simulación de la tabla 5 0.5 de Faraggi"],
  "AUC:0.9": {
    "size:20": {
      "bias": [-0.0100454106697154],
      "rmse": [0.0115449502085196]
    },
    "size:50": {
      "bias": [-0.00860415823768146],
      "rmse": [0.00890762979424292]
    },
    "size:100": {
      "bias": [-0.00822064452692195],
      "rmse": [0.00836505342847563]
    }
  }
}
