{
  "header": ["Simulación de kernel de Faraggi, h optimo, gaussiano tabla 3"],
  "AUC:0.7": {
    "size:20": {
      "bias": [0.138465808173242],
      "rmse": [0.140065628712577]
    },
    "size:50": {
      "bias": [0.142116364582572],
      "rmse": [0.142172247691884]
    },
    "size:100": {
      "bias": [0.142295421038708],
      "rmse": [0.142297153652341]
    }
  },
  "AUC:0.8": {
    "size:20": {
      "bias": [0.064864861774793],
      "rmse": [0.064984281096851]
    },
    "size:50": {
      "bias": [0.0652566360993],
      "rmse": [0.065257083092746]
    },
    "size:100": {
      "bias": [0.0652658922081828],
      "rmse": [0.0652661319699941]
    }
  },
  "AUC:0.9": {
    "size:20": {
      "bias": [0.0307207669565542],
      "rmse": [0.030721138034621]
    },
    "size:50": {
      "bias": [0.0307419258128243],
      "rmse": [0.0307420077468158]
    },
    "size:100": {
      "bias": [0.0307435302205102],
      "rmse": [0.0307435845079849]
    }
  }
}
