{
  "header": ["Simulación de kernel de Faraggi, h optimo, gaussiano tabla 4"],
  "AUC:0.7": {
    "size:20": {
      "bias": [0.138141466402943],
      "rmse": [0.140075443148546]
    },
    "size:50": {
      "bias": [0.1417021219561],
      "rmse": [0.141788915955832]
    },
    "size:100": {
      "bias": [0.141884034772649],
      "rmse": [0.141888311955341]
    }
  },
  "AUC:0.8": {
    "size:20": {
      "bias": [0.0647459406005256],
      "rmse": [0.0648450220965214]
    },
    "size:50": {
      "bias": [0.0650887778965855],
      "rmse": [0.0650902055545806]
    },
    "size:100": {
      "bias": [0.0651068913576861],
      "rmse": [0.0651074772105176]
    }
  },
  "AUC:0.9": {
    "size:20": {
      "bias": [0.0306081740953627],
      "rmse": [0.0306092033062625]
    },
    "size:50": {
      "bias": [0.0306531330839914],
      "rmse": [0.0306534077201833]
    },
    "size:100": {
      "bias": [0.0306612638409569],
      "rmse": [0.0306614561385303]
    }
  }
}
