{
  "header": ["Simulación de kernel de Faraggi, h optimo, gaussiano tabla 2"],
  "AUC:0.7": {
    "size:20": {
      "bias": [0.0479862304264721],
      "rmse": [0.187333274262799]
    },
    "size:50": {
      "bias": [0.119115836047883],
      "rmse": [0.136290910124872]
    },
    "size:100": {
      "bias": [0.129070626241343],
      "rmse": [0.131665659599505]
    }
  },
  "AUC:0.8": {
    "size:20": {
      "bias": [0.0404768518615387],
      "rmse": [0.0875157115956585]
    },
    "size:50": {
      "bias": [0.0599799118312879],
      "rmse": [0.0610422943054047]
    },
    "size:100": {
      "bias": [0.0612523661444243],
      "rmse": [0.0613542176886683]
    }
  },
  "AUC:0.9": {
    "size:20": {
      "bias": [0.0269211611072416],
      "rmse": [0.0328520727788558]
    },
    "size:50": {
      "bias": [0.0290058884360527],
      "rmse": [0.0290395369079606]
    },
    "size:100": {
      "bias": [0.0291375389739783],
      "rmse": [0.0291658553444672]
    }
  }
}
