{
  "header": ["Simulación de kernel de Faraggi, h optimo, gaussiano tabla 5 rate = 0.22"],
  "AUC:0.9": {
    "size:20": {
      "bias": [0.0361002477967768],
      "rmse": [0.0361094543705196]
    },
    "size:50": {
      "bias": [0.036151601638572],
      "rmse": [0.0361553387521708]
    },
    "size:100": {
      "bias": [0.036120555007622],
      "rmse": [0.036124030653299]
    }
  }
}
