{
  "header": ["Simulación de kernel de Faraggi, h optimo, gaussiano tabla 9"],
  "AUC:0.7": {
    "size:20": {
      "bias": [0.108013120311907],
      "rmse": [0.138855205510549]
    },
    "size:50": {
      "bias": [0.138049005228012],
      "rmse": [0.138494393494498]
    },
    "size:100": {
      "bias": [0.139944102155915],
      "rmse": [0.13999412499408]
    }
  },
  "AUC:0.8": {
    "size:20": {
      "bias": [0.0891959684955171],
      "rmse": [0.0936792723510837]
    },
    "size:50": {
      "bias": [0.0961312755036077],
      "rmse": [0.0961386412952471]
    },
    "size:100": {
      "bias": [0.096287357729497],
      "rmse": [0.0962895210680079]
    }
  },
  "AUC:0.9": {
    "size:20": {
      "bias": [0.0892328016071211],
      "rmse": [0.0895040036463638]
    },
    "size:50": {
      "bias": [0.0903149600857236],
      "rmse": [0.0903167926544653]
    },
    "size:100": {
      "bias": [0.0903410926242519],
      "rmse": [0.090341792787137]
    }
  }
}
