{
  "header": ["Simulación de la tabla 1 de Faraggi"],
  "AUC:0.7": {
    "size:20": {
      "bias": [0.100105297464835],
      "rmse": [0.283589150198817]
    },
    "size:50": {
      "bias": [0.0532997748420752],
      "rmse": [0.201817066049108]
    },
    "size:100": {
      "bias": [0.0438736105652161],
      "rmse": [0.166130298942966]
    }
  },
  "AUC:0.8": {
    "size:20": {
      "bias": [0.0120648074138096],
      "rmse": [0.204575332982387]
    },
    "size:50": {
      "bias": [0.021683459808572],
      "rmse": [0.152747703603277]
    },
    "size:100": {
      "bias": [0.0157853771835315],
      "rmse": [0.120383781226558]
    }
  },
  "AUC:0.9": {
    "size:20": {
      "bias": [-0.00703535068187244],
      "rmse": [0.0966564565205907]
    },
    "size:50": {
      "bias": [0.00991794745018049],
      "rmse": [0.0616757574877405]
    },
    "size:100": {
      "bias": [0.0160269796682239],
      "rmse": [0.0460931759990499]
    }
  }
}
