{
  "header": ["Simulación de la tabla 5 1 de Faraggi"],
  "AUC:0.9": {
    "size:20": {
      "bias": [0.0324957487349948],
      "rmse": [0.0325031514974312]
    },
    "size:50": {
      "bias": [0.0326330404036702],
      "rmse": [0.0326333792424378]
    },
    "size:100": {
      "bias": [0.0326597871034188],
      "rmse": [0.032659915023245]
    }
  }
}
