{
  "header": ["Simulación de la tabla 2 de Faraggi"],
  "AUC:0.7": {
    "size:20": {
      "bias": [0.0426445323308869],
      "rmse": [0.170004461785622]
    },
    "size:50": {
      "bias": [0.081842278655108],
      "rmse": [0.119011440986566]
    },
    "size:100": {
      "bias": [0.0967687911105374],
      "rmse": [0.106416383066347]
    }
  },
  "AUC:0.8": {
    "size:20": {
      "bias": [0.029262717661816],
      "rmse": [0.0861654633756151]
    },
    "size:50": {
      "bias": [0.049380281660513],
      "rmse": [0.0551509649544356]
    },
    "size:100": {
      "bias": [0.0539918812377677],
      "rmse": [0.0548365416911869]
    }
  },
  "AUC:0.9": {
    "size:20": {
      "bias": [0.024508320470901],
      "rmse": [0.0365239483234898]
    },
    "size:50": {
      "bias": [0.0278158131436819],
      "rmse": [0.0280848587893558]
    },
    "size:100": {
      "bias": [0.0284878488913229],
      "rmse": [0.0285247362402384]
    }
  }
}
