{
  "header": ["Simulación de la tabla 8 de Faraggi"],
  "AUC:0.7": {
    "size:20": {
      "bias": [-0.00660786012922376],
      "rmse": [0.21443167647567]
    },
    "size:50": {
      "bias": [0.0456395709019719],
      "rmse": [0.126223810981302]
    },
    "size:100": {
      "bias": [0.064422543140412],
      "rmse": [0.094677481928028]
    }
  },
  "AUC:0.8": {
    "size:20": {
      "bias": [0.0770810796875057],
      "rmse": [0.130423433462385]
    },
    "size:50": {
      "bias": [0.10382313820204],
      "rmse": [0.11016466963214]
    },
    "size:100": {
      "bias": [0.110181938489253],
      "rmse": [0.111502001101548]
    }
  },
  "AUC:0.9": {
    "size:20": {
      "bias": [0.122611622936305],
      "rmse": [0.130182357993629]
    },
    "size:50": {
      "bias": [0.132515132360573],
      "rmse": [0.132914220126038]
    },
    "size:100": {
      "bias": [0.134202113475243],
      "rmse": [0.134269524440292]
    }
  }
}
