{
  "header": ["Simulacion para nueva población 9 Tamaño Mc:  1000"],
  "AUC:0.6": {
    "size:20": {
      "eta_pob": [0.431852497201553],
      "no_param": {
        "bias": [-0.290309186107299],
        "rmse": [0.294845637300667]
      },
      "param": {
        "bias": [0.000971198832201314],
        "rmse": [0.0767953330402659]
      },
      "kernel_opt": {
        "bias": [-0.16537811204459],
        "rmse": [0.19070078025098]
      },
      "kernel_hscv": {
        "bias": [-0.0557125628873128],
        "rmse": [0.122079284202441]
      }
    },
    "size:50": {
      "eta_pob": [0.431852497201553],
      "no_param": {
        "bias": [-0.359160653360122],
        "rmse": [0.359934013293677]
      },
      "param": {
        "bias": [-0.00529438873518789],
        "rmse": [0.0491994990161342]
      },
      "kernel_opt": {
        "bias": [-0.168779061657487],
        "rmse": [0.180969363657233]
      },
      "kernel_hscv": {
        "bias": [-0.05389468926517],
        "rmse": [0.0885325536091163]
      }
    },
    "size:100": {
      "eta_pob": [0.431852497201553],
      "no_param": {
        "bias": [-0.392656319955548],
        "rmse": [0.392774821122789]
      },
      "param": {
        "bias": [-0.00807823955138881],
        "rmse": [0.0363209018635798]
      },
      "kernel_opt": {
        "bias": [-0.153926081484425],
        "rmse": [0.161799365269512]
      },
      "kernel_hscv": {
        "bias": [-0.0407717088524531],
        "rmse": [0.0650325664243551]
      }
    }
  },
  "AUC:0.75": {
    "size:20": {
      "eta_pob": [0.512794984388859],
      "no_param": {
        "bias": [-0.345283723991956],
        "rmse": [0.350073533695207]
      },
      "param": {
        "bias": [0.0211264784352051],
        "rmse": [0.0718826110733759]
      },
      "kernel_opt": {
        "bias": [-0.0904175445205896],
        "rmse": [0.147139538968724]
      },
      "kernel_hscv": {
        "bias": [-0.0351214245113876],
        "rmse": [0.122374049623466]
      }
    },
    "size:50": {
      "eta_pob": [0.512794984388859],
      "no_param": {
        "bias": [-0.420529561493385],
        "rmse": [0.421582377044716]
      },
      "param": {
        "bias": [0.0166985064959951],
        "rmse": [0.0452142895028912]
      },
      "kernel_opt": {
        "bias": [-0.0810064485555312],
        "rmse": [0.107002400647484]
      },
      "kernel_hscv": {
        "bias": [-0.0257376387935013],
        "rmse": [0.0732338071993815]
      }
    },
    "size:100": {
      "eta_pob": [0.512794984388859],
      "no_param": {
        "bias": [-0.46114534345018],
        "rmse": [0.461363024595705]
      },
      "param": {
        "bias": [0.0142475802867822],
        "rmse": [0.0326272993160714]
      },
      "kernel_opt": {
        "bias": [-0.0695472188346653],
        "rmse": [0.0839580802440426]
      },
      "kernel_hscv": {
        "bias": [-0.0206590082512653],
        "rmse": [0.0508502562304184]
      }
    }
  },
  "AUC:0.9": {
    "size:20": {
      "eta_pob": [0.639279722285497],
      "no_param": {
        "bias": [-0.395036328341191],
        "rmse": [0.401278222208214]
      },
      "param": {
        "bias": [0.0271603071064606],
        "rmse": [0.0561931615608673]
      },
      "kernel_opt": {
        "bias": [-0.0144871090447626],
        "rmse": [0.0931422627626273]
      },
      "kernel_hscv": {
        "bias": [0.0297596921353704],
        "rmse": [0.102157201332567]
      }
    },
    "size:50": {
      "eta_pob": [0.639279722285497],
      "no_param": {
        "bias": [-0.487133235740115],
        "rmse": [0.48960541906065]
      },
      "param": {
        "bias": [0.0192973469979916],
        "rmse": [0.0343686352866336]
      },
      "kernel_opt": {
        "bias": [-0.0198229103519808],
        "rmse": [0.0597679425767987]
      },
      "kernel_hscv": {
        "bias": [0.0268052026878831],
        "rmse": [0.0694370514533657]
      }
    },
    "size:100": {
      "eta_pob": [0.639279722285497],
      "no_param": {
        "bias": [-0.544161244306524],
        "rmse": [0.544935831743285]
      },
      "param": {
        "bias": [0.0175038982927253],
        "rmse": [0.0269269367613738]
      },
      "kernel_opt": {
        "bias": [-0.0181025224080523],
        "rmse": [0.04151616142473]
      },
      "kernel_hscv": {
        "bias": [0.0217287672334224],
        "rmse": [0.0490419529515908]
      }
    }
  }
}
