{
  "header": ["Simulacion para nueva población 2 Tamaño Mc:  1000"],
  "AUC:0.6": {
    "size:20": {
      "eta_pob": [0.542404084926151],
      "no_param": {
        "bias": [-0.453770418241291],
        "rmse": [0.455023027388598]
      },
      "param": {
        "bias": [-0.0383358719808867],
        "rmse": [0.248652688122681]
      },
      "kernel_opt": {
        "bias": [-0.151385038475097],
        "rmse": [0.257047149557748]
      },
      "kernel_hscv": {
        "bias": [-0.14509172466449],
        "rmse": [0.260317062871962]
      }
    },
    "size:50": {
      "eta_pob": [0.542404084926151],
      "no_param": {
        "bias": [-0.496404657237968],
        "rmse": [0.496640097727774]
      },
      "param": {
        "bias": [-0.0474942028382928],
        "rmse": [0.200608577338159]
      },
      "kernel_opt": {
        "bias": [-0.127356375729175],
        "rmse": [0.209518427722603]
      },
      "kernel_hscv": {
        "bias": [-0.121058890966352],
        "rmse": [0.209962477918145]
      }
    },
    "size:100": {
      "eta_pob": [0.542404084926151],
      "no_param": {
        "bias": [-0.515605682970259],
        "rmse": [0.515666217388566]
      },
      "param": {
        "bias": [-0.0552119612413683],
        "rmse": [0.160180305669676]
      },
      "kernel_opt": {
        "bias": [-0.124750766682243],
        "rmse": [0.187114427905282]
      },
      "kernel_hscv": {
        "bias": [-0.119164199277194],
        "rmse": [0.185776732071142]
      }
    }
  },
  "AUC:0.75": {
    "size:20": {
      "eta_pob": [0.766150472457962],
      "no_param": {
        "bias": [-0.635547705126689],
        "rmse": [0.637496433826778]
      },
      "param": {
        "bias": [-0.0809079058138633],
        "rmse": [0.183067583452051]
      },
      "kernel_opt": {
        "bias": [-0.166858936230198],
        "rmse": [0.225362536070995]
      },
      "kernel_hscv": {
        "bias": [-0.163935734337182],
        "rmse": [0.226884168598148]
      }
    },
    "size:50": {
      "eta_pob": [0.766150472457962],
      "no_param": {
        "bias": [-0.680022302006153],
        "rmse": [0.680825652277186]
      },
      "param": {
        "bias": [-0.0543566800965418],
        "rmse": [0.113229797015629]
      },
      "kernel_opt": {
        "bias": [-0.124177517171895],
        "rmse": [0.160342834742509]
      },
      "kernel_hscv": {
        "bias": [-0.121110071154374],
        "rmse": [0.159471722101709]
      }
    },
    "size:100": {
      "eta_pob": [0.766150472457962],
      "no_param": {
        "bias": [-0.709360722826257],
        "rmse": [0.709643584831396]
      },
      "param": {
        "bias": [-0.0431404410131598],
        "rmse": [0.0788000978126369]
      },
      "kernel_opt": {
        "bias": [-0.116801116941269],
        "rmse": [0.140168422891496]
      },
      "kernel_hscv": {
        "bias": [-0.112926523507417],
        "rmse": [0.137596686084817]
      }
    }
  },
  "AUC:0.9": {
    "size:20": {
      "eta_pob": [0.862742528503343],
      "no_param": {
        "bias": [-0.619530166404386],
        "rmse": [0.622698729610728]
      },
      "param": {
        "bias": [-0.0344286327669699],
        "rmse": [0.0661625922511329]
      },
      "kernel_opt": {
        "bias": [-0.109032560015646],
        "rmse": [0.126054876383588]
      },
      "kernel_hscv": {
        "bias": [-0.109903092326436],
        "rmse": [0.129713922666986]
      }
    },
    "size:50": {
      "eta_pob": [0.862742528503343],
      "no_param": {
        "bias": [-0.66799487430013],
        "rmse": [0.670121002933615]
      },
      "param": {
        "bias": [-0.0282482460081738],
        "rmse": [0.0415796977366572]
      },
      "kernel_opt": {
        "bias": [-0.0919972355424213],
        "rmse": [0.100270339281645]
      },
      "kernel_hscv": {
        "bias": [-0.0898736209009119],
        "rmse": [0.0992987016771085]
      }
    },
    "size:100": {
      "eta_pob": [0.862742528503343],
      "no_param": {
        "bias": [-0.69972362322423],
        "rmse": [0.701258808041412]
      },
      "param": {
        "bias": [-0.0242741539147269],
        "rmse": [0.0309552874330805]
      },
      "kernel_opt": {
        "bias": [-0.082545003810169],
        "rmse": [0.0875431361361299]
      },
      "kernel_hscv": {
        "bias": [-0.0802342308055879],
        "rmse": [0.0856008803311028]
      }
    }
  }
}
