{
  "header": ["Simulacion para nueva población 10 Tamaño Mc:  1000"],
  "AUC:0.6": {
    "size:20": {
      "eta_pob": [0.775824315337875],
      "no_param": {
        "bias": [-0.685101287358113],
        "rmse": [0.685893106007128]
      },
      "param": {
        "bias": [-0.267301288805687],
        "rmse": [0.350625281934529]
      },
      "kernel_opt": {
        "bias": [-0.210255184487735],
        "rmse": [0.297648112758613]
      },
      "kernel_hscv": {
        "bias": [-0.199056318182842],
        "rmse": [0.292279586988478]
      }
    },
    "size:50": {
      "eta_pob": [0.775824315337875],
      "no_param": {
        "bias": [-0.724535844796956],
        "rmse": [0.724741493788873]
      },
      "param": {
        "bias": [-0.274580241038676],
        "rmse": [0.32387916574326]
      },
      "kernel_opt": {
        "bias": [-0.180567770733095],
        "rmse": [0.227192875908178]
      },
      "kernel_hscv": {
        "bias": [-0.196165342773564],
        "rmse": [0.253269814844998]
      }
    },
    "size:100": {
      "eta_pob": [0.775824315337875],
      "no_param": {
        "bias": [-0.742483290913192],
        "rmse": [0.74257153353637]
      },
      "param": {
        "bias": [-0.264421461750632],
        "rmse": [0.295464317423193]
      },
      "kernel_opt": {
        "bias": [-0.182758563984635],
        "rmse": [0.211898424106108]
      },
      "kernel_hscv": {
        "bias": [-0.210783884156656],
        "rmse": [0.24205240457845]
      }
    }
  },
  "AUC:0.75": {
    "size:20": {
      "eta_pob": [0.829168747772827],
      "no_param": {
        "bias": [-0.692114180399456],
        "rmse": [0.693964248148468]
      },
      "param": {
        "bias": [-0.182251906188702],
        "rmse": [0.245732896262107]
      },
      "kernel_opt": {
        "bias": [-0.135278851437351],
        "rmse": [0.180463044630647]
      },
      "kernel_hscv": {
        "bias": [-0.113877142832174],
        "rmse": [0.163477243449742]
      }
    },
    "size:50": {
      "eta_pob": [0.829168747772827],
      "no_param": {
        "bias": [-0.737632813632088],
        "rmse": [0.738376190399714]
      },
      "param": {
        "bias": [-0.157214392371407],
        "rmse": [0.192274255281803]
      },
      "kernel_opt": {
        "bias": [-0.121034414953737],
        "rmse": [0.139554924026016]
      },
      "kernel_hscv": {
        "bias": [-0.112487828494091],
        "rmse": [0.130653600212018]
      }
    },
    "size:100": {
      "eta_pob": [0.829168747772827],
      "no_param": {
        "bias": [-0.762878005733912],
        "rmse": [0.76325653653385]
      },
      "param": {
        "bias": [-0.145040783028444],
        "rmse": [0.165460032616647]
      },
      "kernel_opt": {
        "bias": [-0.117314536538358],
        "rmse": [0.129106091564008]
      },
      "kernel_hscv": {
        "bias": [-0.127569741807758],
        "rmse": [0.138798668732402]
      }
    }
  },
  "AUC:0.9": {
    "size:20": {
      "eta_pob": [0.87187178664344],
      "no_param": {
        "bias": [-0.634150063647142],
        "rmse": [0.637354902275083]
      },
      "param": {
        "bias": [-0.0985478515740319],
        "rmse": [0.131442150184508]
      },
      "kernel_opt": {
        "bias": [-0.0963519043131347],
        "rmse": [0.106255193089244]
      },
      "kernel_hscv": {
        "bias": [-0.075624887227944],
        "rmse": [0.0844456548098337]
      }
    },
    "size:50": {
      "eta_pob": [0.87187178664344],
      "no_param": {
        "bias": [-0.679084035240365],
        "rmse": [0.680988691084588]
      },
      "param": {
        "bias": [-0.0833962207162159],
        "rmse": [0.0994713884054424]
      },
      "kernel_opt": {
        "bias": [-0.0867219718106245],
        "rmse": [0.0908015354112729]
      },
      "kernel_hscv": {
        "bias": [-0.0783178574766531],
        "rmse": [0.082334985408454]
      }
    },
    "size:100": {
      "eta_pob": [0.87187178664344],
      "no_param": {
        "bias": [-0.712567053985764],
        "rmse": [0.713812399636514]
      },
      "param": {
        "bias": [-0.0762234245431295],
        "rmse": [0.0860889232497078]
      },
      "kernel_opt": {
        "bias": [-0.083822559715271],
        "rmse": [0.0865637497304167]
      },
      "kernel_hscv": {
        "bias": [-0.0855346843896614],
        "rmse": [0.0882522772367681]
      }
    }
  }
}
