{
  "header": ["Simulacion para nueva población 7 Tamaño Mc:  1000"],
  "AUC:0.6": {
    "size:20": {
      "eta_pob": [0.824955035069649],
      "no_param": {
        "bias": [-0.715494481113152],
        "rmse": [0.716657016705111]
      },
      "param": {
        "bias": [-0.0813242310334149],
        "rmse": [0.156057162405031]
      },
      "kernel_opt": {
        "bias": [-0.247401742125836],
        "rmse": [0.298548101396023]
      },
      "kernel_hscv": {
        "bias": [-0.236541902762758],
        "rmse": [0.296072198235982]
      }
    },
    "size:50": {
      "eta_pob": [0.824955035069649],
      "no_param": {
        "bias": [-0.753714973595975],
        "rmse": [0.754131633701493]
      },
      "param": {
        "bias": [-0.0571962443680082],
        "rmse": [0.0902392849840663]
      },
      "kernel_opt": {
        "bias": [-0.190246905661931],
        "rmse": [0.215071827204629]
      },
      "kernel_hscv": {
        "bias": [-0.175535638652137],
        "rmse": [0.203167247348893]
      }
    },
    "size:100": {
      "eta_pob": [0.824955035069649],
      "no_param": {
        "bias": [-0.775159167734497],
        "rmse": [0.775345239402557]
      },
      "param": {
        "bias": [-0.0509739951362873],
        "rmse": [0.066360599735987]
      },
      "kernel_opt": {
        "bias": [-0.176544418278825],
        "rmse": [0.192683790185524]
      },
      "kernel_hscv": {
        "bias": [-0.164301999995067],
        "rmse": [0.18155546631268]
      }
    }
  },
  "AUC:0.75": {
    "size:20": {
      "eta_pob": [0.866545785613127],
      "no_param": {
        "bias": [-0.70556518766742],
        "rmse": [0.707692430099891]
      },
      "param": {
        "bias": [-0.0563544928502029],
        "rmse": [0.0997487649435914]
      },
      "kernel_opt": {
        "bias": [-0.152843731365899],
        "rmse": [0.180613077536785]
      },
      "kernel_hscv": {
        "bias": [-0.143469749783458],
        "rmse": [0.175983018437076]
      }
    },
    "size:50": {
      "eta_pob": [0.866545785613127],
      "no_param": {
        "bias": [-0.739241283952828],
        "rmse": [0.740397712146907]
      },
      "param": {
        "bias": [-0.0376932684296254],
        "rmse": [0.0498536487428322]
      },
      "kernel_opt": {
        "bias": [-0.121473506865236],
        "rmse": [0.131225774132251]
      },
      "kernel_hscv": {
        "bias": [-0.112025940055703],
        "rmse": [0.122722949170581]
      }
    },
    "size:100": {
      "eta_pob": [0.866545785613127],
      "no_param": {
        "bias": [-0.765518624683966],
        "rmse": [0.7661216990736]
      },
      "param": {
        "bias": [-0.0333132207389852],
        "rmse": [0.0384016814508404]
      },
      "kernel_opt": {
        "bias": [-0.11283615213579],
        "rmse": [0.117967215607941]
      },
      "kernel_hscv": {
        "bias": [-0.104612506494607],
        "rmse": [0.109796356062151]
      }
    }
  },
  "AUC:0.9": {
    "size:20": {
      "eta_pob": [0.894512354442666],
      "no_param": {
        "bias": [-0.61820789127288],
        "rmse": [0.62061613722784]
      },
      "param": {
        "bias": [-0.0327952967576245],
        "rmse": [0.0482015577473952]
      },
      "kernel_opt": {
        "bias": [-0.100902974014878],
        "rmse": [0.107655432696138]
      },
      "kernel_hscv": {
        "bias": [-0.0929612934469174],
        "rmse": [0.101820001919283]
      }
    },
    "size:50": {
      "eta_pob": [0.894512354442666],
      "no_param": {
        "bias": [-0.648527392929028],
        "rmse": [0.650280793811446]
      },
      "param": {
        "bias": [-0.0267044370821429],
        "rmse": [0.0297869117431847]
      },
      "kernel_opt": {
        "bias": [-0.0871185660040837],
        "rmse": [0.0894128921331063]
      },
      "kernel_hscv": {
        "bias": [-0.080405531958409],
        "rmse": [0.0831874959439756]
      }
    },
    "size:100": {
      "eta_pob": [0.894512354442666],
      "no_param": {
        "bias": [-0.669002260843106],
        "rmse": [0.670337959129834]
      },
      "param": {
        "bias": [-0.0239468465830786],
        "rmse": [0.0250065337694103]
      },
      "kernel_opt": {
        "bias": [-0.0802307764752989],
        "rmse": [0.0814007610288846]
      },
      "kernel_hscv": {
        "bias": [-0.0748970690278704],
        "rmse": [0.0760455636887834]
      }
    }
  }
}
