{
  "header": ["Simulacion para nueva población 5 Tamaño Mc:  1000"],
  "AUC:0.6": {
    "size:20": {
      "eta_pob": [0.645269761795295],
      "no_param": {
        "bias": [-0.554401859790125],
        "rmse": [0.55547833770975]
      },
      "param": {
        "bias": [-0.0859396461803194],
        "rmse": [0.248409413531896]
      },
      "kernel_opt": {
        "bias": [-0.216217975821604],
        "rmse": [0.30174557373737]
      },
      "kernel_hscv": {
        "bias": [-0.216679820846121],
        "rmse": [0.308931137026665]
      }
    },
    "size:50": {
      "eta_pob": [0.645269761795295],
      "no_param": {
        "bias": [-0.595949289903967],
        "rmse": [0.5961885607565]
      },
      "param": {
        "bias": [-0.0763746282998636],
        "rmse": [0.195390228035377]
      },
      "kernel_opt": {
        "bias": [-0.17610764441274],
        "rmse": [0.238467849205477]
      },
      "kernel_hscv": {
        "bias": [-0.170159876392374],
        "rmse": [0.238143744340213]
      }
    },
    "size:100": {
      "eta_pob": [0.645269761795295],
      "no_param": {
        "bias": [-0.615735923683615],
        "rmse": [0.615807913205179]
      },
      "param": {
        "bias": [-0.0741978677157094],
        "rmse": [0.15332431644957]
      },
      "kernel_opt": {
        "bias": [-0.169436426997931],
        "rmse": [0.215916803145491]
      },
      "kernel_hscv": {
        "bias": [-0.162477620743306],
        "rmse": [0.212476900001187]
      }
    }
  },
  "AUC:0.75": {
    "size:20": {
      "eta_pob": [0.800318769132576],
      "no_param": {
        "bias": [-0.664465099677144],
        "rmse": [0.666477114305705]
      },
      "param": {
        "bias": [-0.0870606137365636],
        "rmse": [0.178689897279659]
      },
      "kernel_opt": {
        "bias": [-0.177348285541237],
        "rmse": [0.232285222915932]
      },
      "kernel_hscv": {
        "bias": [-0.174464480066596],
        "rmse": [0.23539887521396]
      }
    },
    "size:50": {
      "eta_pob": [0.800318769132576],
      "no_param": {
        "bias": [-0.707590415711781],
        "rmse": [0.708460405042208]
      },
      "param": {
        "bias": [-0.0570315124338466],
        "rmse": [0.108260355222212]
      },
      "kernel_opt": {
        "bias": [-0.131944383335091],
        "rmse": [0.162696085314233]
      },
      "kernel_hscv": {
        "bias": [-0.127794592480656],
        "rmse": [0.161666696954888]
      }
    },
    "size:100": {
      "eta_pob": [0.800318769132576],
      "no_param": {
        "bias": [-0.736437037223252],
        "rmse": [0.736780132559009]
      },
      "param": {
        "bias": [-0.0450070066750895],
        "rmse": [0.0739719323114917]
      },
      "kernel_opt": {
        "bias": [-0.122951356437534],
        "rmse": [0.141288531604501]
      },
      "kernel_hscv": {
        "bias": [-0.11805687941182],
        "rmse": [0.137722972336703]
      }
    }
  },
  "AUC:0.9": {
    "size:20": {
      "eta_pob": [0.872659920472386],
      "no_param": {
        "bias": [-0.623092895404989],
        "rmse": [0.626096441987654]
      },
      "param": {
        "bias": [-0.0428273635089945],
        "rmse": [0.0769069966264811]
      },
      "kernel_opt": {
        "bias": [-0.113479021593485],
        "rmse": [0.131293232305378]
      },
      "kernel_hscv": {
        "bias": [-0.111904661820581],
        "rmse": [0.132872310127545]
      }
    },
    "size:50": {
      "eta_pob": [0.872659920472386],
      "no_param": {
        "bias": [-0.667621035217594],
        "rmse": [0.669770997547225]
      },
      "param": {
        "bias": [-0.033269813655603],
        "rmse": [0.0488864887530152]
      },
      "kernel_opt": {
        "bias": [-0.0939908273198916],
        "rmse": [0.10153935892935]
      },
      "kernel_hscv": {
        "bias": [-0.0914835730912293],
        "rmse": [0.100877813062236]
      }
    },
    "size:100": {
      "eta_pob": [0.872659920472386],
      "no_param": {
        "bias": [-0.697515636036448],
        "rmse": [0.699075870050491]
      },
      "param": {
        "bias": [-0.0256773176055887],
        "rmse": [0.0330667639774224]
      },
      "kernel_opt": {
        "bias": [-0.0838260696423051],
        "rmse": [0.0880406993086905]
      },
      "kernel_hscv": {
        "bias": [-0.0804163046756318],
        "rmse": [0.0852388093303984]
      }
    }
  }
}
