{
  "header": ["Simulacion para nueva población 4 Tamaño Mc:  1000"],
  "AUC:0.6": {
    "size:20": {
      "eta_pob": [0.314685894519542],
      "no_param": {
        "bias": [-0.20070266468055],
        "rmse": [0.204752960672737]
      },
      "param": {
        "bias": [0.014413017620063],
        "rmse": [0.103376676105777]
      },
      "kernel_opt": {
        "bias": [-0.0333203443705026],
        "rmse": [0.095698671378987]
      },
      "kernel_hscv": {
        "bias": [-0.0202795468981216],
        "rmse": [0.100106680332887]
      }
    },
    "size:50": {
      "eta_pob": [0.314685894519542],
      "no_param": {
        "bias": [-0.259548051066442],
        "rmse": [0.260098652416622]
      },
      "param": {
        "bias": [0.00126490487886138],
        "rmse": [0.0597068589714574]
      },
      "kernel_opt": {
        "bias": [-0.0394434532869596],
        "rmse": [0.0707633468279305]
      },
      "kernel_hscv": {
        "bias": [-0.0258535270419978],
        "rmse": [0.0685294041620139]
      }
    },
    "size:100": {
      "eta_pob": [0.314685894519542],
      "no_param": {
        "bias": [-0.284651309639153],
        "rmse": [0.284739180693113]
      },
      "param": {
        "bias": [0.00299638036778971],
        "rmse": [0.044389815859432]
      },
      "kernel_opt": {
        "bias": [-0.0325669655580823],
        "rmse": [0.0557933427882579]
      },
      "kernel_hscv": {
        "bias": [-0.0197756531089099],
        "rmse": [0.0526032597214755]
      }
    }
  },
  "AUC:0.75": {
    "size:20": {
      "eta_pob": [0.424723120899924],
      "no_param": {
        "bias": [-0.28811562233495],
        "rmse": [0.292150430301766]
      },
      "param": {
        "bias": [0.0241375324441622],
        "rmse": [0.0986445782211751]
      },
      "kernel_opt": {
        "bias": [-0.034127062093143],
        "rmse": [0.101506875459581]
      },
      "kernel_hscv": {
        "bias": [-0.0158710456093232],
        "rmse": [0.102791283035303]
      }
    },
    "size:50": {
      "eta_pob": [0.424723120899924],
      "no_param": {
        "bias": [-0.354415057094687],
        "rmse": [0.355143848255447]
      },
      "param": {
        "bias": [0.00834973570179953],
        "rmse": [0.0576462683075389]
      },
      "kernel_opt": {
        "bias": [-0.0365279760961849],
        "rmse": [0.0708611622619378]
      },
      "kernel_hscv": {
        "bias": [-0.0194856631223698],
        "rmse": [0.067646011824711]
      }
    },
    "size:100": {
      "eta_pob": [0.424723120899924],
      "no_param": {
        "bias": [-0.386608520027196],
        "rmse": [0.386730350548634]
      },
      "param": {
        "bias": [0.00125626741233892],
        "rmse": [0.0402992785018496]
      },
      "kernel_opt": {
        "bias": [-0.0351615401505538],
        "rmse": [0.0566260722783246]
      },
      "kernel_hscv": {
        "bias": [-0.0209879953915193],
        "rmse": [0.0517161590274249]
      }
    }
  },
  "AUC:0.9": {
    "size:20": {
      "eta_pob": [0.613371717619056],
      "no_param": {
        "bias": [-0.398848817042203],
        "rmse": [0.404642491485095]
      },
      "param": {
        "bias": [0.0338737276157306],
        "rmse": [0.0921682459041222]
      },
      "kernel_opt": {
        "bias": [-0.0341055367653944],
        "rmse": [0.10134767705488]
      },
      "kernel_hscv": {
        "bias": [-0.0101169998200471],
        "rmse": [0.0926884281744325]
      }
    },
    "size:50": {
      "eta_pob": [0.613371717619056],
      "no_param": {
        "bias": [-0.483446584328152],
        "rmse": [0.485529872882258]
      },
      "param": {
        "bias": [0.012993319705506],
        "rmse": [0.0543461140576688]
      },
      "kernel_opt": {
        "bias": [-0.0329113031727811],
        "rmse": [0.0716328861894836]
      },
      "kernel_hscv": {
        "bias": [-0.00996282939069693],
        "rmse": [0.0647342577102708]
      }
    },
    "size:100": {
      "eta_pob": [0.613371717619056],
      "no_param": {
        "bias": [-0.535104511152344],
        "rmse": [0.535631277888402]
      },
      "param": {
        "bias": [0.00629413283907743],
        "rmse": [0.0367526917080809]
      },
      "kernel_opt": {
        "bias": [-0.0284440396512005],
        "rmse": [0.0518424375134073]
      },
      "kernel_hscv": {
        "bias": [-0.00772516326313355],
        "rmse": [0.046230003701607]
      }
    }
  }
}
