{
  "header": ["Simulación de kernel de Faraggi, h optimo, gaussiano tabla 8"],
  "AUC:0.6": {
    "size:20": {
      "bias": [-0.279830701767798],
      "rmse": [0.348173814412806]
    },
    "size:50": {
      "bias": [-0.19426190811236],
      "rmse": [0.221174246525417]
    },
    "size:100": {
      "bias": [-0.174498439993649],
      "rmse": [0.185111959159804]
    }
  },
  "AUC:0.75": {
    "size:20": {
      "bias": [-0.147062958465813],
      "rmse": [0.177398728662607]
    },
    "size:50": {
      "bias": [-0.116800785809175],
      "rmse": [0.12142951228832]
    },
    "size:100": {
      "bias": [-0.111562627539881],
      "rmse": [0.113543351658592]
    }
  },
  "AUC:0.9": {
    "size:20": {
      "bias": [-0.0985429931602322],
      "rmse": [0.10584415636514]
    },
    "size:50": {
      "bias": [-0.0909638923429622],
      "rmse": [0.0922538799539009]
    },
    "size:100": {
      "bias": [-0.0900395607568841],
      "rmse": [0.090651459102299]
    }
  }
}
