{
  "header": ["Simulación de kernel de Faraggi, h optimo, gaussiano tabla 2"],
  "AUC:0.6": {
    "size:20": {
      "bias": [-0.194431368594281],
      "rmse": [0.28870055188444]
    },
    "size:50": {
      "bias": [-0.144051622262789],
      "rmse": [0.200018542871619]
    },
    "size:100": {
      "bias": [-0.140632575451876],
      "rmse": [0.176107059300465]
    }
  },
  "AUC:0.75": {
    "size:20": {
      "bias": [-0.121494740171848],
      "rmse": [0.173132111145724]
    },
    "size:50": {
      "bias": [-0.096788668117701],
      "rmse": [0.116721093651752]
    },
    "size:100": {
      "bias": [-0.0957211404214411],
      "rmse": [0.10578280629051]
    }
  },
  "AUC:0.9": {
    "size:20": {
      "bias": [-0.0739513842638243],
      "rmse": [0.082750167338971]
    },
    "size:50": {
      "bias": [-0.0722421362136273],
      "rmse": [0.0752674225464583]
    },
    "size:100": {
      "bias": [-0.0714838787024917],
      "rmse": [0.0732753725379628]
    }
  }
}
