{
  "header": ["Simulación de kernel de Faraggi, h optimo, gaussiano tabla 4"],
  "AUC:0.6": {
    "size:20": {
      "bias": [0.0313182081266813],
      "rmse": [0.130507129323628]
    },
    "size:50": {
      "bias": [-0.00544683415329175],
      "rmse": [0.0680832863586505]
    },
    "size:100": {
      "bias": [-0.00947691782139426],
      "rmse": [0.0514694485261203]
    }
  },
  "AUC:0.75": {
    "size:20": {
      "bias": [0.0334319899593482],
      "rmse": [0.159784443124229]
    },
    "size:50": {
      "bias": [0.00416211813390216],
      "rmse": [0.096419932230364]
    },
    "size:100": {
      "bias": [-0.0138088584412766],
      "rmse": [0.0653664266500584]
    }
  },
  "AUC:0.9": {
    "size:20": {
      "bias": [0.0690648550937454],
      "rmse": [0.13915599180676]
    },
    "size:50": {
      "bias": [0.0489028858074331],
      "rmse": [0.100663815834703]
    },
    "size:100": {
      "bias": [0.037833127401588],
      "rmse": [0.0766766065465122]
    }
  }
}
