{
  "header": ["Simulación de kernel de Faraggi, h optimo, gaussiano tabla 5 rate = 0.22"],
  "AUC:0.9": {
    "size:20": {
      "bias": [-0.0761624842784862],
      "rmse": [0.0779029224459545]
    },
    "size:50": {
      "bias": [-0.0799411029865049],
      "rmse": [0.0807686020186098]
    },
    "size:100": {
      "bias": [-0.0842895139866265],
      "rmse": [0.0850405482578815]
    }
  }
}
