{
  "header": ["Simulación de kernel de Faraggi, h optimo, gaussiano tabla 7"],
  "AUC:0.7": {
    "size:20": {
      "bias": [0.168458803222028],
      "rmse": [0.168464479077493]
    },
    "size:50": {
      "bias": [0.167571034235825],
      "rmse": [0.167575889728871]
    },
    "size:100": {
      "bias": [0.166240589633607],
      "rmse": [0.16624861259471]
    }
  },
  "AUC:0.8": {
    "size:20": {
      "bias": [0.24999020918515],
      "rmse": [0.249992866178466]
    },
    "size:50": {
      "bias": [0.249414215140402],
      "rmse": [0.249416140372245]
    },
    "size:100": {
      "bias": [0.248523613805546],
      "rmse": [0.248526101687298]
    }
  },
  "AUC:0.9": {
    "size:20": {
      "bias": [0.39908162150417],
      "rmse": [0.399082949322882]
    },
    "size:50": {
      "bias": [0.398968240086794],
      "rmse": [0.398968898011248]
    },
    "size:100": {
      "bias": [0.398744070597852],
      "rmse": [0.398744808357981]
    }
  }
}
