{
  "header": ["Simulación de kernel de Faraggi, h optimo, gaussiano tabla 1"],
  "AUC:0.6": {
    "size:20": {
      "bias": [0.132350333426625],
      "rmse": [0.225700030904126]
    },
    "size:50": {
      "bias": [0.0828053834167232],
      "rmse": [0.157667711971649]
    },
    "size:100": {
      "bias": [0.0486513406837728],
      "rmse": [0.108494718890796]
    }
  },
  "AUC:0.75": {
    "size:20": {
      "bias": [-0.0108163922932654],
      "rmse": [0.183780848812992]
    },
    "size:50": {
      "bias": [-0.0013154797037217],
      "rmse": [0.139326768929649]
    },
    "size:100": {
      "bias": [-0.00714744445627841],
      "rmse": [0.105078292217376]
    }
  },
  "AUC:0.9": {
    "size:20": {
      "bias": [-0.0486841853251392],
      "rmse": [0.116144270494389]
    },
    "size:50": {
      "bias": [-0.0405298399064267],
      "rmse": [0.0832855315601774]
    },
    "size:100": {
      "bias": [-0.0336568231702183],
      "rmse": [0.0647058649580056]
    }
  }
}
