{
  "header": ["Simulación de kernel de Faraggi, h optimo, gaussiano tabla 9"],
  "AUC:0.6": {
    "size:20": {
      "bias": [-0.300668272735469],
      "rmse": [0.378276270253541]
    },
    "size:50": {
      "bias": [-0.22139087759451],
      "rmse": [0.265956716639951]
    },
    "size:100": {
      "bias": [-0.198893386721324],
      "rmse": [0.220991692443174]
    }
  },
  "AUC:0.75": {
    "size:20": {
      "bias": [-0.171408456637458],
      "rmse": [0.218072896504445]
    },
    "size:50": {
      "bias": [-0.128402367598791],
      "rmse": [0.139809601141061]
    },
    "size:100": {
      "bias": [-0.121666786440477],
      "rmse": [0.126803195030107]
    }
  },
  "AUC:0.9": {
    "size:20": {
      "bias": [-0.105150978680575],
      "rmse": [0.117092940255677]
    },
    "size:50": {
      "bias": [-0.0940889945093123],
      "rmse": [0.0962762284180233]
    },
    "size:100": {
      "bias": [-0.0928830447009593],
      "rmse": [0.0939749143970492]
    }
  }
}
