{
  "header": ["Simulación de kernel de Faraggi, h optimo, gaussiano tabla 4"],
  "AUC:0.7": {
    "size:20": {
      "bias": [0.549755398658982],
      "rmse": [0.553939343915165]
    },
    "size:50": {
      "bias": [0.563353984747762],
      "rmse": [0.564038275673609]
    },
    "size:100": {
      "bias": [0.568617034008539],
      "rmse": [0.568904032383358]
    }
  },
  "AUC:0.8": {
    "size:20": {
      "bias": [0.403656358994877],
      "rmse": [0.404328732158483]
    },
    "size:50": {
      "bias": [0.40963319108323],
      "rmse": [0.409863405824567]
    },
    "size:100": {
      "bias": [0.411072788421681],
      "rmse": [0.411165812714641]
    }
  },
  "AUC:0.9": {
    "size:20": {
      "bias": [0.19257206781155],
      "rmse": [0.192706182844203]
    },
    "size:50": {
      "bias": [0.194076812775733],
      "rmse": [0.194107948514863]
    },
    "size:100": {
      "bias": [0.194435723493868],
      "rmse": [0.194450441290781]
    }
  }
}
