{
  "header": ["Simulación de kernel de Faraggi, h optimo, gaussiano tabla 2"],
  "AUC:0.7": {
    "size:20": {
      "bias": [0.0494409282526174],
      "rmse": [0.188297315396012]
    },
    "size:50": {
      "bias": [0.119319529019287],
      "rmse": [0.136727053528835]
    },
    "size:100": {
      "bias": [0.129110556172604],
      "rmse": [0.13188230297501]
    }
  },
  "AUC:0.8": {
    "size:20": {
      "bias": [0.0409654100697534],
      "rmse": [0.0893124112990946]
    },
    "size:50": {
      "bias": [0.0600187637286033],
      "rmse": [0.0614139697379892]
    },
    "size:100": {
      "bias": [0.061358674381462],
      "rmse": [0.0614538975726803]
    }
  },
  "AUC:0.9": {
    "size:20": {
      "bias": [0.0268905462994544],
      "rmse": [0.0348599841189907]
    },
    "size:50": {
      "bias": [0.0290672671291743],
      "rmse": [0.0291179809886737]
    },
    "size:100": {
      "bias": [0.029192988136963],
      "rmse": [0.0292175612455599]
    }
  }
}
