{
  "header": ["Simulación de kernel de Faraggi, h optimo, gaussiano tabla 7"],
  "AUC:0.6": {
    "size:20": {
      "bias": [-0.110815764599133],
      "rmse": [0.112409094200979]
    },
    "size:50": {
      "bias": [-0.117693335473973],
      "rmse": [0.118399855438808]
    },
    "size:100": {
      "bias": [-0.124184189592736],
      "rmse": [0.124742390591681]
    }
  },
  "AUC:0.75": {
    "size:20": {
      "bias": [-0.0950518972079097],
      "rmse": [0.0957657630680154]
    },
    "size:50": {
      "bias": [-0.103486177491135],
      "rmse": [0.103858903259972]
    },
    "size:100": {
      "bias": [-0.1120857920411],
      "rmse": [0.112373117730064]
    }
  },
  "AUC:0.9": {
    "size:20": {
      "bias": [-0.0715803009712064],
      "rmse": [0.0719435257604945]
    },
    "size:50": {
      "bias": [-0.0757852126195645],
      "rmse": [0.0760743065404002]
    },
    "size:100": {
      "bias": [-0.0793173003579102],
      "rmse": [0.0796263333053598]
    }
  }
}
