{
  "header": ["Simulación de kernel de Faraggi, h optimo, gaussiano tabla 6"],
  "AUC:0.6": {
    "size:20": {
      "bias": [-0.121739167867803],
      "rmse": [0.136229675471861]
    },
    "size:50": {
      "bias": [-0.116474439839302],
      "rmse": [0.119321765857516]
    },
    "size:100": {
      "bias": [-0.115129038868794],
      "rmse": [0.116329453459711]
    }
  },
  "AUC:0.75": {
    "size:20": {
      "bias": [-0.103199815701589],
      "rmse": [0.10855604625496]
    },
    "size:50": {
      "bias": [-0.104038264715306],
      "rmse": [0.105468155702728]
    },
    "size:100": {
      "bias": [-0.104978542036192],
      "rmse": [0.105668244781331]
    }
  },
  "AUC:0.9": {
    "size:20": {
      "bias": [-0.0847679108980878],
      "rmse": [0.086033254363525]
    },
    "size:50": {
      "bias": [-0.0875142870865842],
      "rmse": [0.088148854812078]
    },
    "size:100": {
      "bias": [-0.0891423708902549],
      "rmse": [0.0895215256121054]
    }
  }
}
