{
  "header": ["Simulación de kernel de Faraggi, h optimo, gaussiano tabla 8"],
  "AUC:0.7": {
    "size:20": {
      "bias": [0.123773803218762],
      "rmse": [0.14003359802449]
    },
    "size:50": {
      "bias": [0.141647222068223],
      "rmse": [0.14167348751568]
    },
    "size:100": {
      "bias": [0.142016736432477],
      "rmse": [0.142018029955361]
    }
  },
  "AUC:0.8": {
    "size:20": {
      "bias": [0.126125533057298],
      "rmse": [0.127415540971455]
    },
    "size:50": {
      "bias": [0.128932627519722],
      "rmse": [0.128933473670562]
    },
    "size:100": {
      "bias": [0.128998421515162],
      "rmse": [0.128998643924992]
    }
  },
  "AUC:0.9": {
    "size:20": {
      "bias": [0.139073203602655],
      "rmse": [0.139154171077408]
    },
    "size:50": {
      "bias": [0.139491594711175],
      "rmse": [0.139491787263811]
    },
    "size:100": {
      "bias": [0.139499689314282],
      "rmse": [0.139499775851101]
    }
  }
}
