{
  "header": ["Simulación de kernel de Faraggi, h optimo, gaussiano tabla 3"],
  "AUC:0.6": {
    "size:20": {
      "bias": [-0.131270788197335],
      "rmse": [0.241795437673283]
    },
    "size:50": {
      "bias": [-0.109648231116768],
      "rmse": [0.165074115197119]
    },
    "size:100": {
      "bias": [-0.121493799814349],
      "rmse": [0.155466610730291]
    }
  },
  "AUC:0.75": {
    "size:20": {
      "bias": [-0.0856915577395917],
      "rmse": [0.12656597188826]
    },
    "size:50": {
      "bias": [-0.0808319214462022],
      "rmse": [0.0939892490555051]
    },
    "size:100": {
      "bias": [-0.0878241854702777],
      "rmse": [0.0951849591025306]
    }
  },
  "AUC:0.9": {
    "size:20": {
      "bias": [-0.0703339009376729],
      "rmse": [0.0725139182921426]
    },
    "size:50": {
      "bias": [-0.0737794108779126],
      "rmse": [0.0751609426972483]
    },
    "size:100": {
      "bias": [-0.076326503135525],
      "rmse": [0.077315183354678]
    }
  }
}
