{
  "header": ["Simulación de kernel de Faraggi, h optimo, gaussiano tabla 3"],
  "AUC:0.7": {
    "size:20": {
      "bias": [0.137689243271109],
      "rmse": [0.140085691799307]
    },
    "size:50": {
      "bias": [0.142166703294079],
      "rmse": [0.142229493745975]
    },
    "size:100": {
      "bias": [0.142368090062904],
      "rmse": [0.142369618447519]
    }
  },
  "AUC:0.8": {
    "size:20": {
      "bias": [0.0647524850152066],
      "rmse": [0.0649430395709646]
    },
    "size:50": {
      "bias": [0.0652960913648584],
      "rmse": [0.0652963538951309]
    },
    "size:100": {
      "bias": [0.0652953798931983],
      "rmse": [0.0652955661501622]
    }
  },
  "AUC:0.9": {
    "size:20": {
      "bias": [0.0307427553720568],
      "rmse": [0.0307428775001852]
    },
    "size:50": {
      "bias": [0.0307576289248637],
      "rmse": [0.0307576718425141]
    },
    "size:100": {
      "bias": [0.0307585076506279],
      "rmse": [0.0307585388257653]
    }
  }
}
