{
  "header": ["Simulación de kernel de Faraggi, h optimo, gaussiano tabla 5 rate = 0.12"],
  "AUC:0.9": {
    "size:20": {
      "bias": [0.102653027003157],
      "rmse": [0.102653561455927]
    },
    "size:50": {
      "bias": [0.102740022573653],
      "rmse": [0.102740100527952]
    },
    "size:100": {
      "bias": [0.102746097500608],
      "rmse": [0.102746161404354]
    }
  }
}
