{
  "header": ["Simulación de kernel de Faraggi, h optimo, gaussiano tabla 5 rate = 0.22"],
  "AUC:0.9": {
    "size:20": {
      "bias": [0.0363198446282379],
      "rmse": [0.036325851163888]
    },
    "size:50": {
      "bias": [0.0364935224303506],
      "rmse": [0.0364943987697744]
    },
    "size:100": {
      "bias": [0.0365056588099106],
      "rmse": [0.0365063771780279]
    }
  }
}
