{
  "header": ["Simulación de kernel de Faraggi, h optimo, gaussiano tabla 1"],
  "AUC:0.7": {
    "size:20": {
      "bias": [0.226444201465686],
      "rmse": [0.34328772262653]
    },
    "size:50": {
      "bias": [0.290962921048964],
      "rmse": [0.357281844294473]
    },
    "size:100": {
      "bias": [0.326647209820263],
      "rmse": [0.3701476208764]
    }
  },
  "AUC:0.8": {
    "size:20": {
      "bias": [0.0983750571543017],
      "rmse": [0.196537602778615]
    },
    "size:50": {
      "bias": [0.169713949084432],
      "rmse": [0.200943232278821]
    },
    "size:100": {
      "bias": [0.197495202409478],
      "rmse": [0.211431075382527]
    }
  },
  "AUC:0.9": {
    "size:20": {
      "bias": [0.0312624807939782],
      "rmse": [0.0732915676574807]
    },
    "size:50": {
      "bias": [0.0532826561861987],
      "rmse": [0.0604760125477005]
    },
    "size:100": {
      "bias": [0.0600664870828692],
      "rmse": [0.0617756883902657]
    }
  }
}
