{
  "header": ["Simulación de kernel de Faraggi, h optimo, gaussiano tabla 9"],
  "AUC:0.7": {
    "size:20": {
      "bias": [0.102168968524003],
      "rmse": [0.141014805430677]
    },
    "size:50": {
      "bias": [0.137829400912287],
      "rmse": [0.13857951857868]
    },
    "size:100": {
      "bias": [0.140082080138131],
      "rmse": [0.140143227246852]
    }
  },
  "AUC:0.8": {
    "size:20": {
      "bias": [0.0889867357956056],
      "rmse": [0.0939271755138605]
    },
    "size:50": {
      "bias": [0.0962385714497502],
      "rmse": [0.0962452434324407]
    },
    "size:100": {
      "bias": [0.096391939379572],
      "rmse": [0.0963934598585669]
    }
  },
  "AUC:0.9": {
    "size:20": {
      "bias": [0.0895275110323944],
      "rmse": [0.0897765577524323]
    },
    "size:50": {
      "bias": [0.0904480119216342],
      "rmse": [0.0904485267580223]
    },
    "size:100": {
      "bias": [0.0904727879181169],
      "rmse": [0.0904729525159438]
    }
  }
}
