{
  "header": ["Simulación de kernel de Faraggi, h optimo, gaussiano tabla 6"],
  "AUC:0.7": {
    "size:20": {
      "bias": [0.144896047814781],
      "rmse": [0.145568517800322]
    },
    "size:50": {
      "bias": [0.145798228387835],
      "rmse": [0.145800513432994]
    },
    "size:100": {
      "bias": [0.14579881126349],
      "rmse": [0.145800302098367]
    }
  },
  "AUC:0.8": {
    "size:20": {
      "bias": [0.156107315987833],
      "rmse": [0.156111527048484]
    },
    "size:50": {
      "bias": [0.156154767608009],
      "rmse": [0.156155715955011]
    },
    "size:100": {
      "bias": [0.156078953415432],
      "rmse": [0.156079692270882]
    }
  },
  "AUC:0.9": {
    "size:20": {
      "bias": [0.140598997610321],
      "rmse": [0.140599720409048]
    },
    "size:50": {
      "bias": [0.140574082875795],
      "rmse": [0.140574519661909]
    },
    "size:100": {
      "bias": [0.140534901444036],
      "rmse": [0.140535210430422]
    }
  }
}
