{
  "header": ["Simulación de la tabla 2 de Faraggi"],
  "AUC:0.6": {
    "size:20": {
      "bias": [-0.891956210967377],
      "rmse": [0.893187676470431],
      "eta_pob": [0.999999981237965]
    },
    "size:50": {
      "bias": [-0.940632392913941],
      "rmse": [0.940908407358181],
      "eta_pob": [0.999999981237965]
    },
    "size:100": {
      "bias": [-0.963397918614043],
      "rmse": [0.963487927560842],
      "eta_pob": [0.999999981237965]
    }
  },
  "AUC:0.75": {
    "size:20": {
      "bias": [-0.828560384025391],
      "rmse": [0.831922827299569],
      "eta_pob": [1]
    },
    "size:50": {
      "bias": [-0.881656508629117],
      "rmse": [0.883025547416729],
      "eta_pob": [1]
    },
    "size:100": {
      "bias": [-0.916744832758413],
      "rmse": [0.917264043991633],
      "eta_pob": [1]
    }
  },
  "AUC:0.9": {
    "size:20": {
      "bias": [-0.650948432643128],
      "rmse": [0.658579872441878],
      "eta_pob": [1]
    },
    "size:50": {
      "bias": [-0.717459122563955],
      "rmse": [0.722218029330808],
      "eta_pob": [1]
    },
    "size:100": {
      "bias": [-0.758184889288208],
      "rmse": [0.761343308847108],
      "eta_pob": [1]
    }
  }
}
