{
  "header": ["Simulación de la tabla 7 de Faraggi"],
  "AUC:0.6": {
    "size:20": {
      "bias": [-0.755150786370646],
      "rmse": [0.758307110781939],
      "eta_pob": [1]
    },
    "size:50": {
      "bias": [-0.774728700342435],
      "rmse": [0.776223921207025],
      "eta_pob": [1]
    },
    "size:100": {
      "bias": [-0.780352378697555],
      "rmse": [0.78125698760873],
      "eta_pob": [1]
    }
  },
  "AUC:0.75": {
    "size:20": {
      "bias": [-0.758320212313485],
      "rmse": [0.762341801033735],
      "eta_pob": [1]
    },
    "size:50": {
      "bias": [-0.773454349956627],
      "rmse": [0.775240590240154],
      "eta_pob": [1]
    },
    "size:100": {
      "bias": [-0.775605864517779],
      "rmse": [0.776605313992215],
      "eta_pob": [1]
    }
  },
  "AUC:0.9": {
    "size:20": {
      "bias": [-0.659911418522564],
      "rmse": [0.666881182875746],
      "eta_pob": [1]
    },
    "size:50": {
      "bias": [-0.704413121982156],
      "rmse": [0.707463373257866],
      "eta_pob": [1]
    },
    "size:100": {
      "bias": [-0.723560489719989],
      "rmse": [0.725193378760567],
      "eta_pob": [1]
    }
  }
}
