{
  "header": ["Simulación de la tabla 3 de Faraggi"],
  "AUC:0.6": {
    "size:20": {
      "bias": [-0.196882741896566],
      "rmse": [0.202558139078451],
      "eta_pob": [0.311055846102767]
    },
    "size:50": {
      "bias": [-0.259855221713581],
      "rmse": [0.260341176801018],
      "eta_pob": [0.311055846102767]
    },
    "size:100": {
      "bias": [-0.28409339996796],
      "rmse": [0.284160402419594],
      "eta_pob": [0.311055846102767]
    }
  },
  "AUC:0.75": {
    "size:20": {
      "bias": [-0.443887172700997],
      "rmse": [0.448240698732074],
      "eta_pob": [0.592570478043733]
    },
    "size:50": {
      "bias": [-0.523487113965367],
      "rmse": [0.524042246499837],
      "eta_pob": [0.592570478043733]
    },
    "size:100": {
      "bias": [-0.556485325362041],
      "rmse": [0.556570469105508],
      "eta_pob": [0.592570478043733]
    }
  },
  "AUC:0.9": {
    "size:20": {
      "bias": [-0.715549235320401],
      "rmse": [0.723488430310866],
      "eta_pob": [0.983104143848978]
    },
    "size:50": {
      "bias": [-0.833660405132865],
      "rmse": [0.835950283283137],
      "eta_pob": [0.983104143848978]
    },
    "size:100": {
      "bias": [-0.896696114848988],
      "rmse": [0.897238894284882],
      "eta_pob": [0.983104143848978]
    }
  }
}
