{
  "header": ["Simulación de la tabla 5 1 de Faraggi"],
  "AUC:0.9": {
    "size:20": {
      "bias": [-0.666614565948278],
      "rmse": [0.671174907922936],
      "eta_pob": [0.962865609177519]
    },
    "size:50": {
      "bias": [-0.721320866935767],
      "rmse": [0.724032591666529],
      "eta_pob": [0.962865609177519]
    },
    "size:100": {
      "bias": [-0.756260674611915],
      "rmse": [0.75812637273399],
      "eta_pob": [0.962865609177519]
    }
  }
}
