{
  "header": ["Simulación de la tabla 6 de Faraggi"],
  "AUC:0.7": {
    "size:20": {
      "bias": [-0.687538661557453],
      "rmse": [0.689984211544177],
      "eta_pob": [0.852443653078499]
    },
    "size:50": {
      "bias": [-0.715016149301155],
      "rmse": [0.716228253159635],
      "eta_pob": [0.852443653078499]
    },
    "size:100": {
      "bias": [-0.726007001433757],
      "rmse": [0.726708915361357],
      "eta_pob": [0.852443653078499]
    }
  },
  "AUC:0.8": {
    "size:20": {
      "bias": [-0.63874059291777],
      "rmse": [0.642236846890288],
      "eta_pob": [0.842478014073091]
    },
    "size:50": {
      "bias": [-0.671703783941269],
      "rmse": [0.673311100036485],
      "eta_pob": [0.842478014073091]
    },
    "size:100": {
      "bias": [-0.684402795415038],
      "rmse": [0.685311330134629],
      "eta_pob": [0.842478014073091]
    }
  },
  "AUC:0.9": {
    "size:20": {
      "bias": [-0.584766319135001],
      "rmse": [0.589666734306232],
      "eta_pob": [0.858451609022351]
    },
    "size:50": {
      "bias": [-0.626160910869975],
      "rmse": [0.628569848872933],
      "eta_pob": [0.858451609022351]
    },
    "size:100": {
      "bias": [-0.646065287781345],
      "rmse": [0.647490874036395],
      "eta_pob": [0.858451609022351]
    }
  }
}
