{
  "header": ["Simulación de la tabla 7 de Faraggi"],
  "AUC:0.6": {
    "size:20": {
      "bias": [-0.893445613044664],
      "rmse": [0.894386487891913],
      "eta_pob": [1]
    },
    "size:50": {
      "bias": [-0.939054023678587],
      "rmse": [0.939317393354644],
      "eta_pob": [1]
    },
    "size:100": {
      "bias": [-0.960915002805826],
      "rmse": [0.961004988035986],
      "eta_pob": [1]
    }
  },
  "AUC:0.75": {
    "size:20": {
      "bias": [-0.839856826818529],
      "rmse": [0.841878514721217],
      "eta_pob": [1]
    },
    "size:50": {
      "bias": [-0.88956122753314],
      "rmse": [0.890340770969947],
      "eta_pob": [1]
    },
    "size:100": {
      "bias": [-0.916249084807951],
      "rmse": [0.916636888303684],
      "eta_pob": [1]
    }
  },
  "AUC:0.9": {
    "size:20": {
      "bias": [-0.742963086898693],
      "rmse": [0.748153593626946],
      "eta_pob": [1]
    },
    "size:50": {
      "bias": [-0.807060587899473],
      "rmse": [0.808770463493199],
      "eta_pob": [1]
    },
    "size:100": {
      "bias": [-0.837552961446833],
      "rmse": [0.838575970260733],
      "eta_pob": [1]
    }
  }
}
