{
  "header": ["Simulación de la tabla 3 de Faraggi"],
  "AUC:0.7": {
    "size:20": {
      "bias": [-0.261680644363562],
      "rmse": [0.266682236166078],
      "eta_pob": [0.388234826098951]
    },
    "size:50": {
      "bias": [-0.32987994480724],
      "rmse": [0.330396649586881],
      "eta_pob": [0.388234826098951]
    },
    "size:100": {
      "bias": [-0.35714373677321],
      "rmse": [0.357213888478719],
      "eta_pob": [0.388234826098951]
    }
  },
  "AUC:0.8": {
    "size:20": {
      "bias": [-0.417502989639196],
      "rmse": [0.421716016246826],
      "eta_pob": [0.572922941342488]
    },
    "size:50": {
      "bias": [-0.49238629201336],
      "rmse": [0.49323389140812],
      "eta_pob": [0.572922941342488]
    },
    "size:100": {
      "bias": [-0.530010465209878],
      "rmse": [0.530155892101829],
      "eta_pob": [0.572922941342488]
    }
  },
  "AUC:0.9": {
    "size:20": {
      "bias": [-0.568771268790984],
      "rmse": [0.57481748944725],
      "eta_pob": [0.803171797207779]
    },
    "size:50": {
      "bias": [-0.665188906933625],
      "rmse": [0.667233488890371],
      "eta_pob": [0.803171797207779]
    },
    "size:100": {
      "bias": [-0.720686630084356],
      "rmse": [0.721235347796188],
      "eta_pob": [0.803171797207779]
    }
  }
}
