{
  "header": ["Simulación de la tabla 1 de Faraggi"],
  "AUC:0.6": {
    "size:20": {
      "bias": [-0.0346831046544537],
      "rmse": [0.052519615011988],
      "eta_pob": [0.127965514560265]
    },
    "size:50": {
      "bias": [-0.0864731178629221],
      "rmse": [0.0872913612028839],
      "eta_pob": [0.127965514560265]
    },
    "size:100": {
      "bias": [-0.106260171848692],
      "rmse": [0.106369804316366],
      "eta_pob": [0.127965514560265]
    }
  },
  "AUC:0.75": {
    "size:20": {
      "bias": [-0.636645041997944],
      "rmse": [0.639460855906705],
      "eta_pob": [0.77157193789813]
    },
    "size:50": {
      "bias": [-0.701187668452197],
      "rmse": [0.701730859241046],
      "eta_pob": [0.77157193789813]
    },
    "size:100": {
      "bias": [-0.733349916783609],
      "rmse": [0.733451171013891],
      "eta_pob": [0.77157193789813]
    }
  },
  "AUC:0.9": {
    "size:20": {
      "bias": [-0.717492203747494],
      "rmse": [0.725074356685661],
      "eta_pob": [0.999999999807021]
    },
    "size:50": {
      "bias": [-0.817473988956177],
      "rmse": [0.82071701600154],
      "eta_pob": [0.999999999807021]
    },
    "size:100": {
      "bias": [-0.871186321133371],
      "rmse": [0.872746424545228],
      "eta_pob": [0.999999999807021]
    }
  }
}
