{
  "header": ["Simulación de la tabla 1 de Faraggi"],
  "AUC:0.7": {
    "size:20": {
      "bias": [-0.305374243451632],
      "rmse": [0.308983038873306],
      "eta_pob": [0.416767656352104]
    },
    "size:50": {
      "bias": [-0.363026014939738],
      "rmse": [0.363471647444281],
      "eta_pob": [0.416767656352104]
    },
    "size:100": {
      "bias": [-0.3867560318804],
      "rmse": [0.386854627349844],
      "eta_pob": [0.416767656352104]
    }
  },
  "AUC:0.8": {
    "size:20": {
      "bias": [-0.582876174463539],
      "rmse": [0.586112083286727],
      "eta_pob": [0.734757156042856]
    },
    "size:50": {
      "bias": [-0.647147308488767],
      "rmse": [0.648032296780747],
      "eta_pob": [0.734757156042856]
    },
    "size:100": {
      "bias": [-0.683683147251814],
      "rmse": [0.683894804706973],
      "eta_pob": [0.734757156042856]
    }
  },
  "AUC:0.9": {
    "size:20": {
      "bias": [-0.684861689736201],
      "rmse": [0.689661372502303],
      "eta_pob": [0.931244448829847]
    },
    "size:50": {
      "bias": [-0.765244677208998],
      "rmse": [0.767608063070799],
      "eta_pob": [0.931244448829847]
    },
    "size:100": {
      "bias": [-0.811061702129736],
      "rmse": [0.81231584546114],
      "eta_pob": [0.931244448829847]
    }
  }
}
