{
  "header": ["Simulación de la tabla 2 de Faraggi"],
  "AUC:0.7": {
    "size:20": {
      "bias": [-0.720511626545948],
      "rmse": [0.722843110893825],
      "eta_pob": [0.856971716952952]
    },
    "size:50": {
      "bias": [-0.77022871728753],
      "rmse": [0.770983572212147],
      "eta_pob": [0.856971716952952]
    },
    "size:100": {
      "bias": [-0.797057165224123],
      "rmse": [0.797407152503855],
      "eta_pob": [0.856971716952952]
    }
  },
  "AUC:0.8": {
    "size:20": {
      "bias": [-0.744473494367596],
      "rmse": [0.747662197200958],
      "eta_pob": [0.934454985174451]
    },
    "size:50": {
      "bias": [-0.789903819970687],
      "rmse": [0.79156743550316],
      "eta_pob": [0.934454985174451]
    },
    "size:100": {
      "bias": [-0.825560650382676],
      "rmse": [0.826337456867558],
      "eta_pob": [0.934454985174451]
    }
  },
  "AUC:0.9": {
    "size:20": {
      "bias": [-0.671032436023318],
      "rmse": [0.675275291877083],
      "eta_pob": [0.969118161427433]
    },
    "size:50": {
      "bias": [-0.721701657832641],
      "rmse": [0.724618272930091],
      "eta_pob": [0.969118161427433]
    },
    "size:100": {
      "bias": [-0.753732989409867],
      "rmse": [0.755790613600186],
      "eta_pob": [0.969118161427433]
    }
  }
}
