{
  "header": ["Simulación de la tabla 5 1 de Faraggi"],
  "AUC:0.9": {
    "size:20": {
      "bias": [-0.703235927311827],
      "rmse": [0.707560277964412],
      "eta_pob": [0.999486970541068]
    },
    "size:50": {
      "bias": [-0.757942228299316],
      "rmse": [0.760523386989326],
      "eta_pob": [0.999486970541068]
    },
    "size:100": {
      "bias": [-0.792882035975465],
      "rmse": [0.794661759519687],
      "eta_pob": [0.999486970541068]
    }
  }
}
