{
  "header": ["Simulación de la tabla 1 de Faraggi"],
  "AUC:0.7": {
    "size:20": {
      "bias": [-0.311183142300116],
      "rmse": [0.314725337079016],
      "eta_pob": [0.422576555200588]
    },
    "size:50": {
      "bias": [-0.368834913788222],
      "rmse": [0.369273536287124],
      "eta_pob": [0.422576555200588]
    },
    "size:100": {
      "bias": [-0.392564930728884],
      "rmse": [0.392662067615765],
      "eta_pob": [0.422576555200588]
    }
  },
  "AUC:0.8": {
    "size:20": {
      "bias": [-0.602982267384156],
      "rmse": [0.606110843160882],
      "eta_pob": [0.754863248963474]
    },
    "size:50": {
      "bias": [-0.667253401409385],
      "rmse": [0.668111757477047],
      "eta_pob": [0.754863248963474]
    },
    "size:100": {
      "bias": [-0.703789240172432],
      "rmse": [0.703994852716646],
      "eta_pob": [0.754863248963474]
    }
  },
  "AUC:0.9": {
    "size:20": {
      "bias": [-0.710824485917039],
      "rmse": [0.715450015327877],
      "eta_pob": [0.957207245010685]
    },
    "size:50": {
      "bias": [-0.791207473389836],
      "rmse": [0.793493533963906],
      "eta_pob": [0.957207245010685]
    },
    "size:100": {
      "bias": [-0.837024498310575],
      "rmse": [0.838239797968178],
      "eta_pob": [0.957207245010685]
    }
  }
}
