{
  "header": ["Simulación de la tabla 3 de Faraggi"],
  "AUC:0.7": {
    "size:20": {
      "bias": [-0.261751297261789],
      "rmse": [0.266751564325761],
      "eta_pob": [0.388305478997178]
    },
    "size:50": {
      "bias": [-0.329950597705468],
      "rmse": [0.330467192015188],
      "eta_pob": [0.388305478997178]
    },
    "size:100": {
      "bias": [-0.357214389671437],
      "rmse": [0.35728452750447],
      "eta_pob": [0.388305478997178]
    }
  },
  "AUC:0.8": {
    "size:20": {
      "bias": [-0.417536643863215],
      "rmse": [0.42174933428517],
      "eta_pob": [0.572956595566507]
    },
    "size:50": {
      "bias": [-0.492419946237379],
      "rmse": [0.49326748780287],
      "eta_pob": [0.572956595566507]
    },
    "size:100": {
      "bias": [-0.530044119433897],
      "rmse": [0.530189537094754],
      "eta_pob": [0.572956595566507]
    }
  },
  "AUC:0.9": {
    "size:20": {
      "bias": [-0.568775691141909],
      "rmse": [0.574821865282011],
      "eta_pob": [0.803176219558705]
    },
    "size:50": {
      "bias": [-0.66519332928455],
      "rmse": [0.667237897690119],
      "eta_pob": [0.803176219558705]
    },
    "size:100": {
      "bias": [-0.720691052435281],
      "rmse": [0.721239766782598],
      "eta_pob": [0.803176219558705]
    }
  }
}
