{
  "header": ["Simulación de la tabla 7 de Faraggi"],
  "AUC:0.7": {
    "size:20": {
      "bias": [-0.868290926447912],
      "rmse": [0.869473363006134],
      "eta_pob": [0.996926699690416]
    },
    "size:50": {
      "bias": [-0.910888050005916],
      "rmse": [0.911357765823931],
      "eta_pob": [0.996926699690416]
    },
    "size:100": {
      "bias": [-0.934793482847386],
      "rmse": [0.935009181290384],
      "eta_pob": [0.996926699690416]
    }
  },
  "AUC:0.8": {
    "size:20": {
      "bias": [-0.832681580430662],
      "rmse": [0.834394298778802],
      "eta_pob": [0.999142601389955]
    },
    "size:50": {
      "bias": [-0.875618804925302],
      "rmse": [0.876371113526821],
      "eta_pob": [0.999142601389955]
    },
    "size:100": {
      "bias": [-0.8997004319715],
      "rmse": [0.900151293616106],
      "eta_pob": [0.999142601389955]
    }
  },
  "AUC:0.9": {
    "size:20": {
      "bias": [-0.772785874189428],
      "rmse": [0.775895355415275],
      "eta_pob": [0.999681650399669]
    },
    "size:50": {
      "bias": [-0.824075638155489],
      "rmse": [0.825237808467645],
      "eta_pob": [0.999681650399669]
    },
    "size:100": {
      "bias": [-0.849711761562405],
      "rmse": [0.850449973386288],
      "eta_pob": [0.999681650399669]
    }
  }
}
