{
  "header": ["Simulación de la tabla 7 de Faraggi"],
  "AUC:0.7": {
    "size:20": {
      "bias": [-0.102376217138629],
      "rmse": [0.119142613353602],
      "eta_pob": [0.31101646830924]
    },
    "size:50": {
      "bias": [-0.111267469778634],
      "rmse": [0.118928757303168],
      "eta_pob": [0.31101646830924]
    },
    "size:100": {
      "bias": [-0.111988332314096],
      "rmse": [0.116492463692671],
      "eta_pob": [0.31101646830924]
    }
  },
  "AUC:0.8": {
    "size:20": {
      "bias": [-0.0301191113661307],
      "rmse": [0.0725258219361539],
      "eta_pob": [0.258059137770025]
    },
    "size:50": {
      "bias": [-0.046683610474099],
      "rmse": [0.0643824527240013],
      "eta_pob": [0.258059137770025]
    },
    "size:100": {
      "bias": [-0.0500019673309557],
      "rmse": [0.0597290779779678],
      "eta_pob": [0.258059137770025]
    }
  },
  "AUC:0.9": {
    "size:20": {
      "bias": [-0.245555028288156],
      "rmse": [0.25615527234208],
      "eta_pob": [0.537010414441526]
    },
    "size:50": {
      "bias": [-0.278657425456436],
      "rmse": [0.283255689128087],
      "eta_pob": [0.537010414441526]
    },
    "size:100": {
      "bias": [-0.293196894718682],
      "rmse": [0.295692056666011],
      "eta_pob": [0.537010414441526]
    }
  }
}
