{
  "header": ["Simulación de la tabla 3 de Faraggi"],
  "AUC:0.7": {
    "size:20": {
      "bias": [-0.261680644363562],
      "rmse": [0.266682236166078],
      "eta_pob": [0.388234826098951]
    },
    "size:50": {
      "bias": [-0.32987994480724],
      "rmse": [0.330396649586881],
      "eta_pob": [0.388234826098951]
    },
    "size:100": {
      "bias": [-0.35714373677321],
      "rmse": [0.357213888478719],
      "eta_pob": [0.388234826098951]
    }
  },
  "AUC:0.8": {
    "size:20": {
      "bias": [-0.417502989639199],
      "rmse": [0.421716016246829],
      "eta_pob": [0.572922941342491]
    },
    "size:50": {
      "bias": [-0.492386292013363],
      "rmse": [0.493233891408122],
      "eta_pob": [0.572922941342491]
    },
    "size:100": {
      "bias": [-0.53001046520988],
      "rmse": [0.530155892101831],
      "eta_pob": [0.572922941342491]
    }
  },
  "AUC:0.9": {
    "size:20": {
      "bias": [-0.568771268790987],
      "rmse": [0.574817489447253],
      "eta_pob": [0.803171797207782]
    },
    "size:50": {
      "bias": [-0.665188906933628],
      "rmse": [0.667233488890374],
      "eta_pob": [0.803171797207782]
    },
    "size:100": {
      "bias": [-0.720686630084359],
      "rmse": [0.721235347796191],
      "eta_pob": [0.803171797207782]
    }
  }
}
