{
  "header": ["Simulación de la tabla 2 de Faraggi"],
  "AUC:0.7": {
    "size:20": {
      "bias": [-0.850132338766351],
      "rmse": [0.852109237360516],
      "eta_pob": [0.986592429173355]
    },
    "size:50": {
      "bias": [-0.899849429507932],
      "rmse": [0.900495634343865],
      "eta_pob": [0.986592429173355]
    },
    "size:100": {
      "bias": [-0.926677877444525],
      "rmse": [0.926978926823195],
      "eta_pob": [0.986592429173355]
    }
  },
  "AUC:0.8": {
    "size:20": {
      "bias": [-0.807071258965632],
      "rmse": [0.81001357664908],
      "eta_pob": [0.997052749772486]
    },
    "size:50": {
      "bias": [-0.852501584568722],
      "rmse": [0.854043272812887],
      "eta_pob": [0.997052749772486]
    },
    "size:100": {
      "bias": [-0.888158414980712],
      "rmse": [0.888880517990537],
      "eta_pob": [0.997052749772486]
    }
  },
  "AUC:0.9": {
    "size:20": {
      "bias": [-0.701405026923311],
      "rmse": [0.705465237568502],
      "eta_pob": [0.999490752327426]
    },
    "size:50": {
      "bias": [-0.752074248732634],
      "rmse": [0.754873521957527],
      "eta_pob": [0.999490752327426]
    },
    "size:100": {
      "bias": [-0.78410558030986],
      "rmse": [0.786083706328069],
      "eta_pob": [0.999490752327426]
    }
  }
}
