{
  "header": ["Simulación de la tabla 7 de Faraggi"],
  "AUC:0.7": {
    "size:20": {
      "bias": [-0.791080021443693],
      "rmse": [0.79342401829568],
      "eta_pob": [0.999720272614304]
    },
    "size:50": {
      "bias": [-0.799971274083699],
      "rmse": [0.801072804957098],
      "eta_pob": [0.999720272614304]
    },
    "size:100": {
      "bias": [-0.80069213661916],
      "rmse": [0.801334515147358],
      "eta_pob": [0.999720272614304]
    }
  },
  "AUC:0.8": {
    "size:20": {
      "bias": [-0.771625753155655],
      "rmse": [0.77444117717943],
      "eta_pob": [0.99956577955955]
    },
    "size:50": {
      "bias": [-0.788190252263624],
      "rmse": [0.789436263732073],
      "eta_pob": [0.99956577955955]
    },
    "size:100": {
      "bias": [-0.79150860912048],
      "rmse": [0.792182582698566],
      "eta_pob": [0.99956577955955]
    }
  },
  "AUC:0.9": {
    "size:20": {
      "bias": [-0.707718622293095],
      "rmse": [0.711466021656329],
      "eta_pob": [0.999174008446466]
    },
    "size:50": {
      "bias": [-0.740821019461375],
      "rmse": [0.742562864367193],
      "eta_pob": [0.999174008446466]
    },
    "size:100": {
      "bias": [-0.755360488723621],
      "rmse": [0.756332493832895],
      "eta_pob": [0.999174008446466]
    }
  }
}
