{
  "header": ["Simulación de la tabla 6 de Faraggi"],
  "AUC:0.6": {
    "size:20": {
      "bias": [-0.841713350552186],
      "rmse": [0.843936892681636],
      "eta_pob": [1]
    },
    "size:50": {
      "bias": [-0.877285526752471],
      "rmse": [0.878236197325933],
      "eta_pob": [1]
    },
    "size:100": {
      "bias": [-0.892558984434004],
      "rmse": [0.893103502750447],
      "eta_pob": [1]
    }
  },
  "AUC:0.75": {
    "size:20": {
      "bias": [-0.803659784145863],
      "rmse": [0.807051464233843],
      "eta_pob": [1]
    },
    "size:50": {
      "bias": [-0.837620493028425],
      "rmse": [0.839193733297609],
      "eta_pob": [1]
    },
    "size:100": {
      "bias": [-0.851375434255769],
      "rmse": [0.852218665700812],
      "eta_pob": [1]
    }
  },
  "AUC:0.9": {
    "size:20": {
      "bias": [-0.682911465466883],
      "rmse": [0.690038920719692],
      "eta_pob": [1]
    },
    "size:50": {
      "bias": [-0.73720914685951],
      "rmse": [0.740475506303991],
      "eta_pob": [1]
    },
    "size:100": {
      "bias": [-0.762592975202368],
      "rmse": [0.764434846430032],
      "eta_pob": [1]
    }
  }
}
