{
  "header": ["Simulación de la tabla 5 1 de Faraggi"],
  "AUC:0.9": {
    "size:20": {
      "bias": [-0.65316217217475],
      "rmse": [0.66123042862031],
      "eta_pob": [1]
    },
    "size:50": {
      "bias": [-0.725062208423269],
      "rmse": [0.729415330507889],
      "eta_pob": [1]
    },
    "size:100": {
      "bias": [-0.769135594781005],
      "rmse": [0.771907950134421],
      "eta_pob": [1]
    }
  }
}
