{
  "header": ["Simulación de la tabla 5 1 de Faraggi"],
  "AUC:0.9": {
    "size:20": {
      "bias": [-0.666614565948277],
      "rmse": [0.671174907922935],
      "eta_pob": [0.962865609177518]
    },
    "size:50": {
      "bias": [-0.721320866935766],
      "rmse": [0.724032591666528],
      "eta_pob": [0.962865609177518]
    },
    "size:100": {
      "bias": [-0.756260674611915],
      "rmse": [0.758126372733989],
      "eta_pob": [0.962865609177518]
    }
  }
}
