{
  "header": ["Simulación de la tabla 3 de Faraggi"],
  "AUC:0.7": {
    "size:20": {
      "bias": [-0.720511626545953],
      "rmse": [0.72284311089383],
      "eta_pob": [0.856971716952957]
    },
    "size:50": {
      "bias": [-0.770228717287535],
      "rmse": [0.770983572212152],
      "eta_pob": [0.856971716952957]
    },
    "size:100": {
      "bias": [-0.797057165224128],
      "rmse": [0.797407152503859],
      "eta_pob": [0.856971716952957]
    }
  },
  "AUC:0.8": {
    "size:20": {
      "bias": [-0.744473494367596],
      "rmse": [0.747662197200958],
      "eta_pob": [0.93445498517445]
    },
    "size:50": {
      "bias": [-0.789903819970686],
      "rmse": [0.791567435503159],
      "eta_pob": [0.93445498517445]
    },
    "size:100": {
      "bias": [-0.825560650382676],
      "rmse": [0.826337456867558],
      "eta_pob": [0.93445498517445]
    }
  },
  "AUC:0.9": {
    "size:20": {
      "bias": [-0.671032436023317],
      "rmse": [0.675275291877083],
      "eta_pob": [0.969118161427433]
    },
    "size:50": {
      "bias": [-0.721701657832641],
      "rmse": [0.724618272930091],
      "eta_pob": [0.969118161427433]
    },
    "size:100": {
      "bias": [-0.753732989409866],
      "rmse": [0.755790613600186],
      "eta_pob": [0.969118161427433]
    }
  }
}
