{
  "header": ["Simulación de la tabla 6 de Faraggi"],
  "AUC:0.7": {
    "size:20": {
      "bias": [-0.834762236386049],
      "rmse": [0.836777624187134],
      "eta_pob": [0.999667227907096]
    },
    "size:50": {
      "bias": [-0.862239724129751],
      "rmse": [0.863245132468177],
      "eta_pob": [0.999667227907096]
    },
    "size:100": {
      "bias": [-0.873230576262354],
      "rmse": [0.873814237040303],
      "eta_pob": [0.999667227907096]
    }
  },
  "AUC:0.8": {
    "size:20": {
      "bias": [-0.796024101056783],
      "rmse": [0.798832267704488],
      "eta_pob": [0.999761522212104]
    },
    "size:50": {
      "bias": [-0.828987292080283],
      "rmse": [0.830290186923778],
      "eta_pob": [0.999761522212104]
    },
    "size:100": {
      "bias": [-0.841686303554052],
      "rmse": [0.842425228984424],
      "eta_pob": [0.999761522212104]
    }
  },
  "AUC:0.9": {
    "size:20": {
      "bias": [-0.726126114120476],
      "rmse": [0.730078313032499],
      "eta_pob": [0.999811404007825]
    },
    "size:50": {
      "bias": [-0.767520705855449],
      "rmse": [0.769487233505191],
      "eta_pob": [0.999811404007825]
    },
    "size:100": {
      "bias": [-0.787425082766819],
      "rmse": [0.788595166644302],
      "eta_pob": [0.999811404007825]
    }
  }
}
