{
  "header": ["Simulación de la tabla 8 de Faraggi"],
  "AUC:0.6": {
    "size:20": {
      "bias": [-0.884442967664453],
      "rmse": [0.885558069506948],
      "eta_pob": [1]
    },
    "size:50": {
      "bias": [-0.928724968309412],
      "rmse": [0.929079155912783],
      "eta_pob": [1]
    },
    "size:100": {
      "bias": [-0.949958921482022],
      "rmse": [0.950101550160143],
      "eta_pob": [1]
    }
  },
  "AUC:0.75": {
    "size:20": {
      "bias": [-0.825070234060423],
      "rmse": [0.82736125552512],
      "eta_pob": [1]
    },
    "size:50": {
      "bias": [-0.868561297006432],
      "rmse": [0.869487687083685],
      "eta_pob": [1]
    },
    "size:100": {
      "bias": [-0.89128793710772],
      "rmse": [0.891826016295527],
      "eta_pob": [1]
    }
  },
  "AUC:0.9": {
    "size:20": {
      "bias": [-0.725646495394718],
      "rmse": [0.731247256993512],
      "eta_pob": [1]
    },
    "size:50": {
      "bias": [-0.78185771045749],
      "rmse": [0.783856688982011],
      "eta_pob": [1]
    },
    "size:100": {
      "bias": [-0.810366969526162],
      "rmse": [0.811555080211152],
      "eta_pob": [1]
    }
  }
}
