{
  "header": ["Simulación de la tabla 8 de Faraggi"],
  "AUC:0.7": {
    "size:20": {
      "bias": [-0.857323180035461],
      "rmse": [0.85862403216194],
      "eta_pob": [0.999088194937333]
    },
    "size:50": {
      "bias": [-0.894806596202429],
      "rmse": [0.895385017127824],
      "eta_pob": [0.999088194937333]
    },
    "size:100": {
      "bias": [-0.916739683314164],
      "rmse": [0.917049877107771],
      "eta_pob": [0.999088194937333]
    }
  },
  "AUC:0.8": {
    "size:20": {
      "bias": [-0.819348042169005],
      "rmse": [0.82130068021531],
      "eta_pob": [0.999626039598389]
    },
    "size:50": {
      "bias": [-0.856441197589249],
      "rmse": [0.857315598851535],
      "eta_pob": [0.999626039598389]
    },
    "size:100": {
      "bias": [-0.87572550833294],
      "rmse": [0.876269579819397],
      "eta_pob": [0.999626039598389]
    }
  },
  "AUC:0.9": {
    "size:20": {
      "bias": [-0.759163671028206],
      "rmse": [0.762455925116406],
      "eta_pob": [0.999777169103588]
    },
    "size:50": {
      "bias": [-0.803270583733968],
      "rmse": [0.804571359763943],
      "eta_pob": [0.999777169103588]
    },
    "size:100": {
      "bias": [-0.826685256825797],
      "rmse": [0.82750191430298],
      "eta_pob": [0.999777169103588]
    }
  }
}
