{
  "header": ["Simulación de la tabla 7 de Faraggi"],
  "AUC:0.7": {
    "size:20": {
      "bias": [-0.729429388261094],
      "rmse": [0.730836526512172],
      "eta_pob": [0.858065161503597]
    },
    "size:50": {
      "bias": [-0.772026511819097],
      "rmse": [0.77258065768926],
      "eta_pob": [0.858065161503597]
    },
    "size:100": {
      "bias": [-0.795931944660568],
      "rmse": [0.796185263650692],
      "eta_pob": [0.858065161503597]
    }
  },
  "AUC:0.8": {
    "size:20": {
      "bias": [-0.736391038744937],
      "rmse": [0.738327158778485],
      "eta_pob": [0.90285205970423]
    },
    "size:50": {
      "bias": [-0.779328263239577],
      "rmse": [0.780173428776859],
      "eta_pob": [0.90285205970423]
    },
    "size:100": {
      "bias": [-0.803409890285774],
      "rmse": [0.803914756624138],
      "eta_pob": [0.90285205970423]
    }
  },
  "AUC:0.9": {
    "size:20": {
      "bias": [-0.682164853461606],
      "rmse": [0.685685410743566],
      "eta_pob": [0.909060629671847]
    },
    "size:50": {
      "bias": [-0.733454617427668],
      "rmse": [0.734760137016884],
      "eta_pob": [0.909060629671847]
    },
    "size:100": {
      "bias": [-0.759090740834584],
      "rmse": [0.759916990411485],
      "eta_pob": [0.909060629671847]
    }
  }
}
