{
  "header": ["Simulación de la tabla 5 0.5 de Faraggi"],
  "AUC:0.9": {
    "size:20": {
      "bias": [-0.600688381280628],
      "rmse": [0.605745250824545],
      "eta_pob": [0.896939424509869]
    },
    "size:50": {
      "bias": [-0.655394682268117],
      "rmse": [0.658377999528926],
      "eta_pob": [0.896939424509869]
    },
    "size:100": {
      "bias": [-0.690334489944265],
      "rmse": [0.692377857153835],
      "eta_pob": [0.896939424509869]
    }
  }
}
